Estado,Año,Clasificación,Data,Fuente,Observaciones
Aguascalientes,2018,COG,4T2018,"Cuenta Pública Estatal, procesados por Política Colectiva",-
Baja California,2018,COG,4T2018,"Cuenta Pública Estatal, procesados por Política Colectiva",-
Baja California Sur,2018,COG,4T2018,"Cuenta Pública Estatal, procesados por Política Colectiva",-
Campeche,2018,COG,4T2018,"Cuenta Pública Estatal, procesados por Política Colectiva",-
Chiapas,2018,COG,4T2018,"Cuenta Pública Estatal, procesados por Política Colectiva",-
Chihuahua,2018,COG,4T2018,"Cuenta Pública Estatal, procesados por Política Colectiva",-
Ciudad de México,2018,COG,4T2018,"Cuenta Pública Estatal, procesados por Política Colectiva",-
Coahuila ,2018,COG,4T2018,"Cuenta Pública Estatal, procesados por Política Colectiva",-
Colima,2018,COG,4T2018,"Cuenta Pública Estatal, procesados por Política Colectiva",-
Durango,2018,COG,4T2018,"Cuenta Pública Estatal, procesados por Política Colectiva",-
Estado de México,2018,COG,4T2018,"Cuenta Pública Estatal, procesados por Política Colectiva",-
Guanajuato,2018,COG,4T2018,"Cuenta Pública Estatal, procesados por Política Colectiva",-
Guerrero,2018,COG,4T2018,"Cuenta Pública Estatal, procesados por Política Colectiva",-
Hidalgo,2018,COG,4T2018,"Cuenta Pública Estatal, procesados por Política Colectiva",-
Jalisco,2018,COG,4T2018,"Cuenta Pública Estatal, procesados por Política Colectiva",-
Michoacán,2018,COG,4T2018,"Cuenta Pública Estatal, procesados por Política Colectiva",-
Morelos,2018,COG,4T2018,"Cuenta Pública Estatal, procesados por Política Colectiva",-
Nayarit,2018,COG,4T2018,"Cuenta Pública Estatal, procesados por Política Colectiva",-
Nuevo León,2018,COG,4T2018,"Cuenta Pública Estatal, procesados por Política Colectiva",-
Oaxaca,2018,COG,4T2018,"Cuenta Pública Estatal, procesados por Política Colectiva",-
Puebla,2018,COG,4T2018,"Cuenta Pública Estatal, procesados por Política Colectiva",-
Querétaro,2018,COG,4T2018,"Cuenta Pública Estatal, procesados por Política Colectiva",-
Quintana Roo,2018,COG,4T2018,"Cuenta Pública Estatal, procesados por Política Colectiva",-
San Luis Potosí,2018,COG,4T2018,"Cuenta Pública Estatal, procesados por Política Colectiva",-
Sinaloa,2018,COG,4T2018,"Cuenta Pública Estatal, procesados por Política Colectiva",-
Sonora,2018,COG,4T2018,"Cuenta Pública Estatal, procesados por Política Colectiva",-
Tabasco,2018,COG,4T2018,"Cuenta Pública Estatal, procesados por Política Colectiva",-
Tamaulipas,2018,COG,4T2018,"Cuenta Pública Estatal, procesados por Política Colectiva",-
Tlaxcala,2018,COG,4T2018,"Cuenta Pública Estatal, procesados por Política Colectiva",-
Veracruz,2018,COG,4T2018,"Cuenta Pública Estatal, procesados por Política Colectiva",-
Yucatán,2018,COG,4T2018,"Cuenta Pública Estatal, procesados por Política Colectiva",-
Zacatecas,2018,COG,4T2018,"Cuenta Pública Estatal, procesados por Política Colectiva",-
Aguascalientes,2018,EA,4T2018,"Cuenta Pública Estatal, procesados por Política Colectiva",-
Baja California,2018,EA,4T2018,"Cuenta Pública Estatal, procesados por Política Colectiva",-
Baja California Sur,2018,EA,4T2018,"Cuenta Pública Estatal, procesados por Política Colectiva",-
Campeche,2018,EA,4T2018,"Cuenta Pública Estatal, procesados por Política Colectiva",-
Chiapas,2018,EA,4T2018,"Cuenta Pública Estatal, procesados por Política Colectiva",-
Chihuahua,2018,EA,4T2018,"Cuenta Pública Estatal, procesados por Política Colectiva",-
Ciudad de México,2018,EA,4T2018,"Cuenta Pública Estatal, procesados por Política Colectiva",-
Coahuila ,2018,EA,4T2018,"Cuenta Pública Estatal, procesados por Política Colectiva",-
Colima,2018,EA,4T2018,"Cuenta Pública Estatal, procesados por Política Colectiva",-
Durango,2018,EA,4T2018,"Cuenta Pública Estatal, procesados por Política Colectiva",-
Estado de México,2018,EA,4T2018,"Cuenta Pública Estatal, procesados por Política Colectiva",-
Guanajuato,2018,EA,4T2018,"Cuenta Pública Estatal, procesados por Política Colectiva",-
Guerrero,2018,EA,4T2018,"Cuenta Pública Estatal, procesados por Política Colectiva",-
Hidalgo,2018,EA,4T2018,"Cuenta Pública Estatal, procesados por Política Colectiva",-
Jalisco,2018,EA,4T2018,"Cuenta Pública Estatal, procesados por Política Colectiva",-
Michoacán,2018,EA,4T2018,"Cuenta Pública Estatal, procesados por Política Colectiva",-
Morelos,2018,EA,4T2018,"Cuenta Pública Estatal, procesados por Política Colectiva",-
Nayarit,2018,EA,4T2018,"Cuenta Pública Estatal, procesados por Política Colectiva",-
Nuevo León,2018,EA,4T2018,"Cuenta Pública Estatal, procesados por Política Colectiva",-
Oaxaca,2018,EA,4T2018,"Cuenta Pública Estatal, procesados por Política Colectiva",-
Puebla,2018,EA,4T2018,"Cuenta Pública Estatal, procesados por Política Colectiva",-
Querétaro,2018,EA,4T2018,"Cuenta Pública Estatal, procesados por Política Colectiva",-
Quintana Roo,2018,EA,4T2018,"Cuenta Pública Estatal, procesados por Política Colectiva",-
San Luis Potosí,2018,EA,4T2018,"Cuenta Pública Estatal, procesados por Política Colectiva",-
Sinaloa,2018,EA,4T2018,"Cuenta Pública Estatal, procesados por Política Colectiva",-
Sonora,2018,EA,4T2018,"Cuenta Pública Estatal, procesados por Política Colectiva",-
Tabasco,2018,EA,4T2018,"Cuenta Pública Estatal, procesados por Política Colectiva",-
Tamaulipas,2018,EA,4T2018,"Cuenta Pública Estatal, procesados por Política Colectiva",-
Tlaxcala,2018,EA,4T2018,"Cuenta Pública Estatal, procesados por Política Colectiva",-
Veracruz,2018,EA,4T2018,"Cuenta Pública Estatal, procesados por Política Colectiva",-
Yucatán,2018,EA,4T2018,"Cuenta Pública Estatal, procesados por Política Colectiva",-
Zacatecas,2018,EA,4T2018,"Cuenta Pública Estatal, procesados por Política Colectiva",-
Aguascalientes,2018,CF,4T2018,"Cuenta Pública Estatal, procesados por Política Colectiva",-
Baja California,2018,CF,4T2018,"Cuenta Pública Estatal, procesados por Política Colectiva",-
Baja California Sur,2018,CF,4T2018,"Cuenta Pública Estatal, procesados por Política Colectiva",-
Campeche,2018,CF,4T2018,"Cuenta Pública Estatal, procesados por Política Colectiva",-
Chiapas,2018,CF,4T2018,"Cuenta Pública Estatal, procesados por Política Colectiva",-
Chihuahua,2018,CF,4T2018,"Cuenta Pública Estatal, procesados por Política Colectiva",-
Ciudad de México,2018,CF,4T2018,"Cuenta Pública Estatal, procesados por Política Colectiva",-
Coahuila ,2018,CF,4T2018,"Cuenta Pública Estatal, procesados por Política Colectiva",-
Colima,2018,CF,4T2018,"Cuenta Pública Estatal, procesados por Política Colectiva",-
Durango,2018,CF,4T2018,"Cuenta Pública Estatal, procesados por Política Colectiva",-
Estado de México,2018,CF,4T2018,"Cuenta Pública Estatal, procesados por Política Colectiva",-
Guanajuato,2018,CF,4T2018,"Cuenta Pública Estatal, procesados por Política Colectiva",-
Guerrero,2018,CF,4T2018,"Cuenta Pública Estatal, procesados por Política Colectiva",-
Hidalgo,2018,CF,4T2018,"Cuenta Pública Estatal, procesados por Política Colectiva",-
Jalisco,2018,CF,4T2018,"Cuenta Pública Estatal, procesados por Política Colectiva",-
Michoacán,2018,CF,4T2018,"Cuenta Pública Estatal, procesados por Política Colectiva",-
Morelos,2018,CF,4T2018,"Cuenta Pública Estatal, procesados por Política Colectiva",-
Nayarit,2018,CF,4T2018,"Cuenta Pública Estatal, procesados por Política Colectiva",-
Nuevo León,2018,CF,4T2018,"Cuenta Pública Estatal, procesados por Política Colectiva",-
Oaxaca,2018,CF,4T2018,"Cuenta Pública Estatal, procesados por Política Colectiva",-
Puebla,2018,CF,4T2018,"Cuenta Pública Estatal, procesados por Política Colectiva",-
Querétaro,2018,CF,4T2018,"Cuenta Pública Estatal, procesados por Política Colectiva",-
Quintana Roo,2018,CF,4T2018,"Cuenta Pública Estatal, procesados por Política Colectiva",-
San Luis Potosí,2018,CF,4T2018,"Cuenta Pública Estatal, procesados por Política Colectiva",-
Sinaloa,2018,CF,4T2018,"Cuenta Pública Estatal, procesados por Política Colectiva",-
Sonora,2018,CF,4T2018,"Cuenta Pública Estatal, procesados por Política Colectiva",-
Tabasco,2018,CF,4T2018,"Cuenta Pública Estatal, procesados por Política Colectiva",-
Tamaulipas,2018,CF,4T2018,"Cuenta Pública Estatal, procesados por Política Colectiva",-
Tlaxcala,2018,CF,4T2018,"Cuenta Pública Estatal, procesados por Política Colectiva",-
Veracruz,2018,CF,4T2018,"Cuenta Pública Estatal, procesados por Política Colectiva",-
Yucatán,2018,CF,4T2018,"Cuenta Pública Estatal, procesados por Política Colectiva",-
Zacatecas,2018,CF,4T2018,"Cuenta Pública Estatal, procesados por Política Colectiva",-
Aguascalientes,2018,CA,4T2018,"Cuenta Pública Estatal, procesados por Política Colectiva",-
Baja California,2018,CA,4T2018,"Cuenta Pública Estatal, procesados por Política Colectiva",-
Baja California Sur,2018,CA,4T2018,"Cuenta Pública Estatal, procesados por Política Colectiva",-
Campeche,2018,CA,4T2018,"Cuenta Pública Estatal, procesados por Política Colectiva",-
Chiapas,2018,CA,4T2018,"Cuenta Pública Estatal, procesados por Política Colectiva",-
Chihuahua,2018,CA,4T2018,"Cuenta Pública Estatal, procesados por Política Colectiva",-
Ciudad de México,2018,CA,4T2018,"Cuenta Pública Estatal, procesados por Política Colectiva",-
Coahuila ,2018,CA,4T2018,"Cuenta Pública Estatal, procesados por Política Colectiva",-
Colima,2018,CA,4T2018,"Cuenta Pública Estatal, procesados por Política Colectiva",-
Durango,2018,CA,4T2018,"Cuenta Pública Estatal, procesados por Política Colectiva",-
Estado de México,2018,CA,4T2018,"Cuenta Pública Estatal, procesados por Política Colectiva",-
Guanajuato,2018,CA,4T2018,"Cuenta Pública Estatal, procesados por Política Colectiva",-
Guerrero,2018,CA,4T2018,"Cuenta Pública Estatal, procesados por Política Colectiva",-
Hidalgo,2018,CA,4T2018,"Cuenta Pública Estatal, procesados por Política Colectiva",-
Jalisco,2018,CA,4T2018,"Cuenta Pública Estatal, procesados por Política Colectiva",-
Michoacán,2018,CA,4T2018,"Cuenta Pública Estatal, procesados por Política Colectiva",-
Morelos,2018,CA,4T2018,"Cuenta Pública Estatal, procesados por Política Colectiva",-
Nayarit,2018,CA,4T2018,"Cuenta Pública Estatal, procesados por Política Colectiva",-
Nuevo León,2018,CA,4T2018,"Cuenta Pública Estatal, procesados por Política Colectiva",-
Oaxaca,2018,CA,4T2018,"Cuenta Pública Estatal, procesados por Política Colectiva",-
Puebla,2018,CA,4T2018,"Cuenta Pública Estatal, procesados por Política Colectiva",-
Querétaro,2018,CA,4T2018,"Cuenta Pública Estatal, procesados por Política Colectiva",-
Quintana Roo,2018,CA,4T2018,"Cuenta Pública Estatal, procesados por Política Colectiva",-
San Luis Potosí,2018,CA,4T2018,"Cuenta Pública Estatal, procesados por Política Colectiva",-
Sinaloa,2018,CA,4T2018,"Cuenta Pública Estatal, procesados por Política Colectiva",-
Sonora,2018,CA,4T2018,"Cuenta Pública Estatal, procesados por Política Colectiva",-
Tabasco,2018,CA,4T2018,"Cuenta Pública Estatal, procesados por Política Colectiva",-
Tamaulipas,2018,CA,4T2018,"Cuenta Pública Estatal, procesados por Política Colectiva",-
Tlaxcala,2018,CA,4T2018,"Cuenta Pública Estatal, procesados por Política Colectiva",-
Veracruz,2018,CA,4T2018,"Cuenta Pública Estatal, procesados por Política Colectiva",-
Yucatán,2018,CA,4T2018,"Cuenta Pública Estatal, procesados por Política Colectiva",-
Zacatecas,2018,CA,4T2018,"Cuenta Pública Estatal, procesados por Política Colectiva",-
Aguascalientes,2019,COG,4T2019,"Cuenta Pública Estatal, procesados por Política Colectiva",-
Baja California,2019,COG,4T2019,"Cuenta Pública Estatal, procesados por Política Colectiva",-
Baja California Sur,2019,COG,4T2019,"Cuenta Pública Estatal, procesados por Política Colectiva",-
Campeche,2019,COG,4T2019,"Cuenta Pública Estatal, procesados por Política Colectiva",-
Chiapas,2019,COG,4T2019,"Cuenta Pública Estatal, procesados por Política Colectiva",-
Chihuahua,2019,COG,4T2019,"Cuenta Pública Estatal, procesados por Política Colectiva",-
Ciudad de México,2019,COG,4T2019,"Cuenta Pública Estatal, procesados por Política Colectiva",-
Coahuila ,2019,COG,4T2019,"Cuenta Pública Estatal, procesados por Política Colectiva",-
Colima,2019,COG,4T2019,"Cuenta Pública Estatal, procesados por Política Colectiva",-
Durango,2019,COG,4T2019,"Cuenta Pública Estatal, procesados por Política Colectiva",-
Estado de México,2019,COG,4T2019,"Cuenta Pública Estatal, procesados por Política Colectiva",-
Guanajuato,2019,COG,4T2019,"Cuenta Pública Estatal, procesados por Política Colectiva",-
Guerrero,2019,COG,4T2019,"Cuenta Pública Estatal, procesados por Política Colectiva",-
Hidalgo,2019,COG,4T2019,"Cuenta Pública Estatal, procesados por Política Colectiva",-
Jalisco,2019,COG,4T2019,"Cuenta Pública Estatal, procesados por Política Colectiva",-
Michoacán,2019,COG,4T2019,"Cuenta Pública Estatal, procesados por Política Colectiva",-
Morelos,2019,COG,4T2019,"Cuenta Pública Estatal, procesados por Política Colectiva",-
Nayarit,2019,COG,4T2019,"Cuenta Pública Estatal, procesados por Política Colectiva",-
Nuevo León,2019,COG,4T2019,"Cuenta Pública Estatal, procesados por Política Colectiva",-
Oaxaca,2019,COG,4T2019,"Cuenta Pública Estatal, procesados por Política Colectiva",-
Puebla,2019,COG,4T2019,"Cuenta Pública Estatal, procesados por Política Colectiva",-
Querétaro,2019,COG,4T2019,"Cuenta Pública Estatal, procesados por Política Colectiva",-
Quintana Roo,2019,COG,4T2019,"Cuenta Pública Estatal, procesados por Política Colectiva",-
San Luis Potosí,2019,COG,4T2019,"Cuenta Pública Estatal, procesados por Política Colectiva",-
Sinaloa,2019,COG,4T2019,"Cuenta Pública Estatal, procesados por Política Colectiva",-
Sonora,2019,COG,4T2019,"Cuenta Pública Estatal, procesados por Política Colectiva",-
Tabasco,2019,COG,4T2019,"Cuenta Pública Estatal, procesados por Política Colectiva",-
Tamaulipas,2019,COG,4T2019,"Cuenta Pública Estatal, procesados por Política Colectiva",-
Tlaxcala,2019,COG,4T2019,"Cuenta Pública Estatal, procesados por Política Colectiva",-
Veracruz,2019,COG,4T2019,"Cuenta Pública Estatal, procesados por Política Colectiva",-
Yucatán,2019,COG,4T2019,"Cuenta Pública Estatal, procesados por Política Colectiva",-
Zacatecas,2019,COG,4T2019,"Cuenta Pública Estatal, procesados por Política Colectiva",-
Aguascalientes,2019,EA,4T2019,"Cuenta Pública Estatal, procesados por Política Colectiva",-
Baja California,2019,EA,4T2019,"Cuenta Pública Estatal, procesados por Política Colectiva",-
Baja California Sur,2019,EA,4T2019,"Cuenta Pública Estatal, procesados por Política Colectiva",-
Campeche,2019,EA,4T2019,"Cuenta Pública Estatal, procesados por Política Colectiva",-
Chiapas,2019,EA,4T2019,"Cuenta Pública Estatal, procesados por Política Colectiva",-
Chihuahua,2019,EA,4T2019,"Cuenta Pública Estatal, procesados por Política Colectiva",-
Ciudad de México,2019,EA,4T2019,"Cuenta Pública Estatal, procesados por Política Colectiva",-
Coahuila ,2019,EA,4T2019,"Cuenta Pública Estatal, procesados por Política Colectiva",-
Colima,2019,EA,4T2019,"Cuenta Pública Estatal, procesados por Política Colectiva",-
Durango,2019,EA,4T2019,"Cuenta Pública Estatal, procesados por Política Colectiva",-
Estado de México,2019,EA,4T2019,"Cuenta Pública Estatal, procesados por Política Colectiva",-
Guanajuato,2019,EA,4T2019,"Cuenta Pública Estatal, procesados por Política Colectiva",-
Guerrero,2019,EA,4T2019,"Cuenta Pública Estatal, procesados por Política Colectiva",-
Hidalgo,2019,EA,4T2019,"Cuenta Pública Estatal, procesados por Política Colectiva",-
Jalisco,2019,EA,4T2019,"Cuenta Pública Estatal, procesados por Política Colectiva",-
Michoacán,2019,EA,4T2019,"Cuenta Pública Estatal, procesados por Política Colectiva",-
Morelos,2019,EA,4T2019,"Cuenta Pública Estatal, procesados por Política Colectiva",-
Nayarit,2019,EA,4T2019,"Cuenta Pública Estatal, procesados por Política Colectiva",-
Nuevo León,2019,EA,4T2019,"Cuenta Pública Estatal, procesados por Política Colectiva",-
Oaxaca,2019,EA,4T2019,"Cuenta Pública Estatal, procesados por Política Colectiva",-
Puebla,2019,EA,4T2019,"Cuenta Pública Estatal, procesados por Política Colectiva",-
Querétaro,2019,EA,4T2019,"Cuenta Pública Estatal, procesados por Política Colectiva",-
Quintana Roo,2019,EA,4T2019,"Cuenta Pública Estatal, procesados por Política Colectiva",-
San Luis Potosí,2019,EA,4T2019,"Cuenta Pública Estatal, procesados por Política Colectiva",-
Sinaloa,2019,EA,4T2019,"Cuenta Pública Estatal, procesados por Política Colectiva",-
Sonora,2019,EA,4T2019,"Cuenta Pública Estatal, procesados por Política Colectiva",-
Tabasco,2019,EA,4T2019,"Cuenta Pública Estatal, procesados por Política Colectiva",-
Tamaulipas,2019,EA,4T2019,"Cuenta Pública Estatal, procesados por Política Colectiva",-
Tlaxcala,2019,EA,4T2019,"Cuenta Pública Estatal, procesados por Política Colectiva",-
Veracruz,2019,EA,4T2019,"Cuenta Pública Estatal, procesados por Política Colectiva",-
Yucatán,2019,EA,4T2019,"Cuenta Pública Estatal, procesados por Política Colectiva",-
Zacatecas,2019,EA,4T2019,"Cuenta Pública Estatal, procesados por Política Colectiva",-
Aguascalientes,2019,CF,4T2019,"Cuenta Pública Estatal, procesados por Política Colectiva",-
Baja California,2019,CF,4T2019,"Cuenta Pública Estatal, procesados por Política Colectiva",-
Baja California Sur,2019,CF,4T2019,"Cuenta Pública Estatal, procesados por Política Colectiva",-
Campeche,2019,CF,4T2019,"Cuenta Pública Estatal, procesados por Política Colectiva",-
Chiapas,2019,CF,4T2019,"Cuenta Pública Estatal, procesados por Política Colectiva",-
Chihuahua,2019,CF,4T2019,"Cuenta Pública Estatal, procesados por Política Colectiva",-
Ciudad de México,2019,CF,4T2019,"Cuenta Pública Estatal, procesados por Política Colectiva",-
Coahuila ,2019,CF,4T2019,"Cuenta Pública Estatal, procesados por Política Colectiva",-
Colima,2019,CF,4T2019,"Cuenta Pública Estatal, procesados por Política Colectiva",-
Durango,2019,CF,4T2019,"Cuenta Pública Estatal, procesados por Política Colectiva",-
Estado de México,2019,CF,4T2019,"Cuenta Pública Estatal, procesados por Política Colectiva",-
Guanajuato,2019,CF,4T2019,"Cuenta Pública Estatal, procesados por Política Colectiva",-
Guerrero,2019,CF,4T2019,"Cuenta Pública Estatal, procesados por Política Colectiva",-
Hidalgo,2019,CF,4T2019,"Cuenta Pública Estatal, procesados por Política Colectiva",-
Jalisco,2019,CF,4T2019,"Cuenta Pública Estatal, procesados por Política Colectiva",-
Michoacán,2019,CF,4T2019,"Cuenta Pública Estatal, procesados por Política Colectiva",-
Morelos,2019,CF,4T2019,"Cuenta Pública Estatal, procesados por Política Colectiva",-
Nayarit,2019,CF,4T2019,"Cuenta Pública Estatal, procesados por Política Colectiva",-
Nuevo León,2019,CF,4T2019,"Cuenta Pública Estatal, procesados por Política Colectiva",-
Oaxaca,2019,CF,4T2019,"Cuenta Pública Estatal, procesados por Política Colectiva",-
Puebla,2019,CF,4T2019,"Cuenta Pública Estatal, procesados por Política Colectiva",-
Querétaro,2019,CF,4T2019,"Cuenta Pública Estatal, procesados por Política Colectiva",-
Quintana Roo,2019,CF,4T2019,"Cuenta Pública Estatal, procesados por Política Colectiva",-
San Luis Potosí,2019,CF,4T2019,"Cuenta Pública Estatal, procesados por Política Colectiva",-
Sinaloa,2019,CF,4T2019,"Cuenta Pública Estatal, procesados por Política Colectiva",-
Sonora,2019,CF,4T2019,"Cuenta Pública Estatal, procesados por Política Colectiva",-
Tabasco,2019,CF,4T2019,"Cuenta Pública Estatal, procesados por Política Colectiva",-
Tamaulipas,2019,CF,4T2019,"Cuenta Pública Estatal, procesados por Política Colectiva",-
Tlaxcala,2019,CF,4T2019,"Cuenta Pública Estatal, procesados por Política Colectiva",-
Veracruz,2019,CF,4T2019,"Cuenta Pública Estatal, procesados por Política Colectiva",-
Yucatán,2019,CF,4T2019,"Cuenta Pública Estatal, procesados por Política Colectiva",-
Zacatecas,2019,CF,4T2019,"Cuenta Pública Estatal, procesados por Política Colectiva",-
Aguascalientes,2019,CA,4T2019,"Cuenta Pública Estatal, procesados por Política Colectiva",-
Baja California,2019,CA,4T2019,"Cuenta Pública Estatal, procesados por Política Colectiva",-
Baja California Sur,2019,CA,4T2019,"Cuenta Pública Estatal, procesados por Política Colectiva",-
Campeche,2019,CA,4T2019,"Cuenta Pública Estatal, procesados por Política Colectiva",-
Chiapas,2019,CA,4T2019,"Cuenta Pública Estatal, procesados por Política Colectiva",-
Chihuahua,2019,CA,4T2019,"Cuenta Pública Estatal, procesados por Política Colectiva",-
Ciudad de México,2019,CA,4T2019,"Cuenta Pública Estatal, procesados por Política Colectiva",-
Coahuila ,2019,CA,4T2019,"Cuenta Pública Estatal, procesados por Política Colectiva",-
Colima,2019,CA,4T2019,"Cuenta Pública Estatal, procesados por Política Colectiva",-
Durango,2019,CA,4T2019,"Cuenta Pública Estatal, procesados por Política Colectiva",-
Estado de México,2019,CA,4T2019,"Cuenta Pública Estatal, procesados por Política Colectiva",-
Guanajuato,2019,CA,4T2019,"Cuenta Pública Estatal, procesados por Política Colectiva",-
Guerrero,2019,CA,4T2019,"Cuenta Pública Estatal, procesados por Política Colectiva",-
Hidalgo,2019,CA,4T2019,"Cuenta Pública Estatal, procesados por Política Colectiva",-
Jalisco,2019,CA,4T2019,"Cuenta Pública Estatal, procesados por Política Colectiva",-
Michoacán,2019,CA,4T2019,"Cuenta Pública Estatal, procesados por Política Colectiva",-
Morelos,2019,CA,4T2019,"Cuenta Pública Estatal, procesados por Política Colectiva",-
Nayarit,2019,CA,4T2019,"Cuenta Pública Estatal, procesados por Política Colectiva",-
Nuevo León,2019,CA,4T2019,"Cuenta Pública Estatal, procesados por Política Colectiva",-
Oaxaca,2019,CA,4T2019,"Cuenta Pública Estatal, procesados por Política Colectiva",-
Puebla,2019,CA,4T2019,"Cuenta Pública Estatal, procesados por Política Colectiva",-
Querétaro,2019,CA,4T2019,"Cuenta Pública Estatal, procesados por Política Colectiva",-
Quintana Roo,2019,CA,4T2019,"Cuenta Pública Estatal, procesados por Política Colectiva",-
San Luis Potosí,2019,CA,4T2019,"Cuenta Pública Estatal, procesados por Política Colectiva",-
Sinaloa,2019,CA,4T2019,"Cuenta Pública Estatal, procesados por Política Colectiva",-
Sonora,2019,CA,4T2019,"Cuenta Pública Estatal, procesados por Política Colectiva",-
Tabasco,2019,CA,4T2019,"Cuenta Pública Estatal, procesados por Política Colectiva",-
Tamaulipas,2019,CA,4T2019,"Cuenta Pública Estatal, procesados por Política Colectiva",-
Tlaxcala,2019,CA,4T2019,"Cuenta Pública Estatal, procesados por Política Colectiva",-
Veracruz,2019,CA,4T2019,"Cuenta Pública Estatal, procesados por Política Colectiva",-
Yucatán,2019,CA,4T2019,"Cuenta Pública Estatal, procesados por Política Colectiva",-
Zacatecas,2019,CA,4T2019,"Cuenta Pública Estatal, procesados por Política Colectiva",-
Aguascalientes,2020,COG,4T2020,"Cuenta Pública Estatal, procesados por Política Colectiva",-
Baja California,2020,COG,4T2020,"Cuenta Pública Estatal, procesados por Política Colectiva",-
Baja California Sur,2020,COG,4T2020,"Cuenta Pública Estatal, procesados por Política Colectiva",-
Campeche,2020,COG,4T2020,"Cuenta Pública Estatal, procesados por Política Colectiva",-
Chiapas,2020,COG,4T2020,"Cuenta Pública Estatal, procesados por Política Colectiva",-
Chihuahua,2020,COG,4T2020,"Cuenta Pública Estatal, procesados por Política Colectiva",-
Ciudad de México,2020,COG,4T2020,"Cuenta Pública Estatal, procesados por Política Colectiva",-
Coahuila ,2020,COG,4T2020,"Cuenta Pública Estatal, procesados por Política Colectiva",-
Colima,2020,COG,4T2020,"Cuenta Pública Estatal, procesados por Política Colectiva",-
Durango,2020,COG,4T2020,"Cuenta Pública Estatal, procesados por Política Colectiva",-
Estado de México,2020,COG,4T2020,"Cuenta Pública Estatal, procesados por Política Colectiva",-
Guanajuato,2020,COG,4T2020,"Cuenta Pública Estatal, procesados por Política Colectiva",-
Guerrero,2020,COG,4T2020,"Cuenta Pública Estatal, procesados por Política Colectiva",-
Hidalgo,2020,COG,4T2020,"Cuenta Pública Estatal, procesados por Política Colectiva",-
Jalisco,2020,COG,4T2020,"Cuenta Pública Estatal, procesados por Política Colectiva",-
Michoacán,2020,COG,4T2020,"Cuenta Pública Estatal, procesados por Política Colectiva",-
Morelos,2020,COG,4T2020,"Cuenta Pública Estatal, procesados por Política Colectiva",-
Nayarit,2020,COG,4T2020,"Cuenta Pública Estatal, procesados por Política Colectiva",-
Nuevo León,2020,COG,4T2020,"Cuenta Pública Estatal, procesados por Política Colectiva",-
Oaxaca,2020,COG,4T2020,"Cuenta Pública Estatal, procesados por Política Colectiva",-
Puebla,2020,COG,4T2020,"Cuenta Pública Estatal, procesados por Política Colectiva",-
Querétaro,2020,COG,4T2020,"Cuenta Pública Estatal, procesados por Política Colectiva",-
Quintana Roo,2020,COG,4T2020,"Cuenta Pública Estatal, procesados por Política Colectiva",-
San Luis Potosí,2020,COG,4T2020,"Cuenta Pública Estatal, procesados por Política Colectiva",-
Sinaloa,2020,COG,4T2020,"Cuenta Pública Estatal, procesados por Política Colectiva",-
Sonora,2020,COG,4T2020,"Cuenta Pública Estatal, procesados por Política Colectiva",-
Tabasco,2020,COG,4T2020,"Cuenta Pública Estatal, procesados por Política Colectiva",-
Tamaulipas,2020,COG,4T2020,"Cuenta Pública Estatal, procesados por Política Colectiva",-
Tlaxcala,2020,COG,4T2020,"Cuenta Pública Estatal, procesados por Política Colectiva",-
Veracruz,2020,COG,4T2020,"Cuenta Pública Estatal, procesados por Política Colectiva",-
Yucatán,2020,COG,4T2020,"Cuenta Pública Estatal, procesados por Política Colectiva",-
Zacatecas,2020,COG,4T2020,"Cuenta Pública Estatal, procesados por Política Colectiva",-
Aguascalientes,2020,EA,4T2020,"Cuenta Pública Estatal, procesados por Política Colectiva",-
Baja California,2020,EA,4T2020,"Cuenta Pública Estatal, procesados por Política Colectiva",-
Baja California Sur,2020,EA,4T2020,"Cuenta Pública Estatal, procesados por Política Colectiva",-
Campeche,2020,EA,4T2020,"Cuenta Pública Estatal, procesados por Política Colectiva",-
Chiapas,2020,EA,4T2020,"Cuenta Pública Estatal, procesados por Política Colectiva",-
Chihuahua,2020,EA,4T2020,"Cuenta Pública Estatal, procesados por Política Colectiva",-
Ciudad de México,2020,EA,4T2020,"Cuenta Pública Estatal, procesados por Política Colectiva",-
Coahuila ,2020,EA,4T2020,"Cuenta Pública Estatal, procesados por Política Colectiva",-
Colima,2020,EA,4T2020,"Cuenta Pública Estatal, procesados por Política Colectiva",-
Durango,2020,EA,4T2020,"Cuenta Pública Estatal, procesados por Política Colectiva",-
Estado de México,2020,EA,4T2020,"Cuenta Pública Estatal, procesados por Política Colectiva",-
Guanajuato,2020,EA,4T2020,"Cuenta Pública Estatal, procesados por Política Colectiva",-
Guerrero,2020,EA,4T2020,"Cuenta Pública Estatal, procesados por Política Colectiva",-
Hidalgo,2020,EA,4T2020,"Cuenta Pública Estatal, procesados por Política Colectiva",-
Jalisco,2020,EA,4T2020,"Cuenta Pública Estatal, procesados por Política Colectiva",-
Michoacán,2020,EA,4T2020,"Cuenta Pública Estatal, procesados por Política Colectiva",-
Morelos,2020,EA,4T2020,"Cuenta Pública Estatal, procesados por Política Colectiva",-
Nayarit,2020,EA,4T2020,"Cuenta Pública Estatal, procesados por Política Colectiva",-
Nuevo León,2020,EA,4T2020,"Cuenta Pública Estatal, procesados por Política Colectiva",-
Oaxaca,2020,EA,4T2020,"Cuenta Pública Estatal, procesados por Política Colectiva",-
Puebla,2020,EA,4T2020,"Cuenta Pública Estatal, procesados por Política Colectiva",-
Querétaro,2020,EA,4T2020,"Cuenta Pública Estatal, procesados por Política Colectiva",-
Quintana Roo,2020,EA,4T2020,"Cuenta Pública Estatal, procesados por Política Colectiva",-
San Luis Potosí,2020,EA,4T2020,"Cuenta Pública Estatal, procesados por Política Colectiva",-
Sinaloa,2020,EA,4T2020,"Cuenta Pública Estatal, procesados por Política Colectiva",-
Sonora,2020,EA,4T2020,"Cuenta Pública Estatal, procesados por Política Colectiva",-
Tabasco,2020,EA,4T2020,"Cuenta Pública Estatal, procesados por Política Colectiva",-
Tamaulipas,2020,EA,4T2020,"Cuenta Pública Estatal, procesados por Política Colectiva",-
Tlaxcala,2020,EA,4T2020,"Cuenta Pública Estatal, procesados por Política Colectiva",-
Veracruz,2020,EA,4T2020,"Cuenta Pública Estatal, procesados por Política Colectiva",-
Yucatán,2020,EA,4T2020,"Cuenta Pública Estatal, procesados por Política Colectiva",-
Zacatecas,2020,EA,4T2020,"Cuenta Pública Estatal, procesados por Política Colectiva",-
Aguascalientes,2020,CF,4T2020,"Cuenta Pública Estatal, procesados por Política Colectiva",-
Baja California,2020,CF,4T2020,"Cuenta Pública Estatal, procesados por Política Colectiva",-
Baja California Sur,2020,CF,4T2020,"Cuenta Pública Estatal, procesados por Política Colectiva",-
Campeche,2020,CF,4T2020,"Cuenta Pública Estatal, procesados por Política Colectiva",-
Chiapas,2020,CF,4T2020,"Cuenta Pública Estatal, procesados por Política Colectiva",-
Chihuahua,2020,CF,4T2020,"Cuenta Pública Estatal, procesados por Política Colectiva",-
Ciudad de México,2020,CF,4T2020,"Cuenta Pública Estatal, procesados por Política Colectiva",-
Coahuila ,2020,CF,4T2020,"Cuenta Pública Estatal, procesados por Política Colectiva",-
Colima,2020,CF,4T2020,"Cuenta Pública Estatal, procesados por Política Colectiva",-
Durango,2020,CF,4T2020,"Cuenta Pública Estatal, procesados por Política Colectiva",-
Estado de México,2020,CF,4T2020,"Cuenta Pública Estatal, procesados por Política Colectiva",-
Guanajuato,2020,CF,4T2020,"Cuenta Pública Estatal, procesados por Política Colectiva",-
Guerrero,2020,CF,4T2020,"Cuenta Pública Estatal, procesados por Política Colectiva",-
Hidalgo,2020,CF,4T2020,"Cuenta Pública Estatal, procesados por Política Colectiva",-
Jalisco,2020,CF,4T2020,"Cuenta Pública Estatal, procesados por Política Colectiva",-
Michoacán,2020,CF,4T2020,"Cuenta Pública Estatal, procesados por Política Colectiva",-
Morelos,2020,CF,4T2020,"Cuenta Pública Estatal, procesados por Política Colectiva",-
Nayarit,2020,CF,4T2020,"Cuenta Pública Estatal, procesados por Política Colectiva",-
Nuevo León,2020,CF,4T2020,"Cuenta Pública Estatal, procesados por Política Colectiva",-
Oaxaca,2020,CF,4T2020,"Cuenta Pública Estatal, procesados por Política Colectiva",-
Puebla,2020,CF,4T2020,"Cuenta Pública Estatal, procesados por Política Colectiva",-
Querétaro,2020,CF,4T2020,"Cuenta Pública Estatal, procesados por Política Colectiva",-
Quintana Roo,2020,CF,4T2020,"Cuenta Pública Estatal, procesados por Política Colectiva",-
San Luis Potosí,2020,CF,4T2020,"Cuenta Pública Estatal, procesados por Política Colectiva",-
Sinaloa,2020,CF,4T2020,"Cuenta Pública Estatal, procesados por Política Colectiva",-
Sonora,2020,CF,4T2020,"Cuenta Pública Estatal, procesados por Política Colectiva",-
Tabasco,2020,CF,4T2020,"Cuenta Pública Estatal, procesados por Política Colectiva",-
Tamaulipas,2020,CF,4T2020,"Cuenta Pública Estatal, procesados por Política Colectiva",-
Tlaxcala,2020,CF,4T2020,"Cuenta Pública Estatal, procesados por Política Colectiva",-
Veracruz,2020,CF,4T2020,"Cuenta Pública Estatal, procesados por Política Colectiva",-
Yucatán,2020,CF,4T2020,"Cuenta Pública Estatal, procesados por Política Colectiva",-
Zacatecas,2020,CF,4T2020,"Cuenta Pública Estatal, procesados por Política Colectiva",-
Aguascalientes,2020,CA,4T2020,"Cuenta Pública Estatal, procesados por Política Colectiva",-
Baja California,2020,CA,4T2020,"Cuenta Pública Estatal, procesados por Política Colectiva",-
Baja California Sur,2020,CA,4T2020,"Cuenta Pública Estatal, procesados por Política Colectiva",-
Campeche,2020,CA,4T2020,"Cuenta Pública Estatal, procesados por Política Colectiva",-
Chiapas,2020,CA,4T2020,"Cuenta Pública Estatal, procesados por Política Colectiva",-
Chihuahua,2020,CA,4T2020,"Cuenta Pública Estatal, procesados por Política Colectiva",-
Ciudad de México,2020,CA,4T2020,"Cuenta Pública Estatal, procesados por Política Colectiva",-
Coahuila ,2020,CA,4T2020,"Cuenta Pública Estatal, procesados por Política Colectiva",-
Colima,2020,CA,4T2020,"Cuenta Pública Estatal, procesados por Política Colectiva",-
Durango,2020,CA,4T2020,"Cuenta Pública Estatal, procesados por Política Colectiva",-
Estado de México,2020,CA,4T2020,"Cuenta Pública Estatal, procesados por Política Colectiva",-
Guanajuato,2020,CA,4T2020,"Cuenta Pública Estatal, procesados por Política Colectiva",-
Guerrero,2020,CA,4T2020,"Cuenta Pública Estatal, procesados por Política Colectiva",-
Hidalgo,2020,CA,4T2020,"Cuenta Pública Estatal, procesados por Política Colectiva",-
Jalisco,2020,CA,4T2020,"Cuenta Pública Estatal, procesados por Política Colectiva",-
Michoacán,2020,CA,4T2020,"Cuenta Pública Estatal, procesados por Política Colectiva",-
Morelos,2020,CA,4T2020,"Cuenta Pública Estatal, procesados por Política Colectiva",-
Nayarit,2020,CA,4T2020,"Cuenta Pública Estatal, procesados por Política Colectiva",-
Nuevo León,2020,CA,4T2020,"Cuenta Pública Estatal, procesados por Política Colectiva",-
Oaxaca,2020,CA,4T2020,"Cuenta Pública Estatal, procesados por Política Colectiva",-
Puebla,2020,CA,4T2020,"Cuenta Pública Estatal, procesados por Política Colectiva",-
Querétaro,2020,CA,4T2020,"Cuenta Pública Estatal, procesados por Política Colectiva",-
Quintana Roo,2020,CA,4T2020,"Cuenta Pública Estatal, procesados por Política Colectiva",-
San Luis Potosí,2020,CA,4T2020,"Cuenta Pública Estatal, procesados por Política Colectiva",-
Sinaloa,2020,CA,4T2020,"Cuenta Pública Estatal, procesados por Política Colectiva",-
Sonora,2020,CA,4T2020,"Cuenta Pública Estatal, procesados por Política Colectiva",-
Tabasco,2020,CA,4T2020,"Cuenta Pública Estatal, procesados por Política Colectiva",-
Tamaulipas,2020,CA,4T2020,"Cuenta Pública Estatal, procesados por Política Colectiva",-
Tlaxcala,2020,CA,4T2020,"Cuenta Pública Estatal, procesados por Política Colectiva",-
Veracruz,2020,CA,4T2020,"Cuenta Pública Estatal, procesados por Política Colectiva",-
Yucatán,2020,CA,4T2020,"Cuenta Pública Estatal, procesados por Política Colectiva",-
Zacatecas,2020,CA,4T2020,"Cuenta Pública Estatal, procesados por Política Colectiva",-
Aguascalientes,2021,COG,4T2021,"Cuenta Pública Estatal, procesados por Política Colectiva",-
Baja California,2021,COG,4T2021,"Cuenta Pública Estatal, procesados por Política Colectiva",-
Baja California Sur,2021,COG,4T2021,"Cuenta Pública Estatal, procesados por Política Colectiva",-
Campeche,2021,COG,4T2021,"Cuenta Pública Estatal, procesados por Política Colectiva",-
Chiapas,2021,COG,4T2021,"Cuenta Pública Estatal, procesados por Política Colectiva",-
Chihuahua,2021,COG,4T2021,"Cuenta Pública Estatal, procesados por Política Colectiva",-
Ciudad de México,2021,COG,4T2021,"Cuenta Pública Estatal, procesados por Política Colectiva",-
Coahuila ,2021,COG,4T2021,"Cuenta Pública Estatal, procesados por Política Colectiva",-
Colima,2021,COG,4T2021,"Cuenta Pública Estatal, procesados por Política Colectiva",-
Durango,2021,COG,4T2021,"Cuenta Pública Estatal, procesados por Política Colectiva",-
Estado de México,2021,COG,4T2021,"Cuenta Pública Estatal, procesados por Política Colectiva",-
Guanajuato,2021,COG,4T2021,"Cuenta Pública Estatal, procesados por Política Colectiva",-
Guerrero,2021,COG,4T2021,"Cuenta Pública Estatal, procesados por Política Colectiva",-
Hidalgo,2021,COG,4T2021,"Cuenta Pública Estatal, procesados por Política Colectiva",-
Jalisco,2021,COG,4T2021,"Cuenta Pública Estatal, procesados por Política Colectiva",-
Michoacán,2021,COG,4T2021,"Cuenta Pública Estatal, procesados por Política Colectiva",-
Morelos,2021,COG,4T2021,"Cuenta Pública Estatal, procesados por Política Colectiva",-
Nayarit,2021,COG,4T2021,"Cuenta Pública Estatal, procesados por Política Colectiva",-
Nuevo León,2021,COG,4T2021,"Cuenta Pública Estatal, procesados por Política Colectiva",-
Oaxaca,2021,COG,4T2021,"Cuenta Pública Estatal, procesados por Política Colectiva",-
Puebla,2021,COG,4T2021,"Cuenta Pública Estatal, procesados por Política Colectiva",-
Querétaro,2021,COG,4T2021,"Cuenta Pública Estatal, procesados por Política Colectiva",-
Quintana Roo,2021,COG,4T2021,"Cuenta Pública Estatal, procesados por Política Colectiva",-
San Luis Potosí,2021,COG,4T2021,"Cuenta Pública Estatal, procesados por Política Colectiva",-
Sinaloa,2021,COG,4T2021,"Cuenta Pública Estatal, procesados por Política Colectiva",-
Sonora,2021,COG,4T2021,"Cuenta Pública Estatal, procesados por Política Colectiva",-
Tabasco,2021,COG,4T2021,"Cuenta Pública Estatal, procesados por Política Colectiva",-
Tamaulipas,2021,COG,4T2021,"Cuenta Pública Estatal, procesados por Política Colectiva",-
Tlaxcala,2021,COG,4T2021,"Cuenta Pública Estatal, procesados por Política Colectiva",-
Veracruz,2021,COG,4T2021,"Cuenta Pública Estatal, procesados por Política Colectiva",-
Yucatán,2021,COG,4T2021,"Cuenta Pública Estatal, procesados por Política Colectiva",-
Zacatecas,2021,COG,4T2021,"Cuenta Pública Estatal, procesados por Política Colectiva",-
Aguascalientes,2021,EA,4T2021,"Cuenta Pública Estatal, procesados por Política Colectiva",-
Baja California,2021,EA,4T2021,"Cuenta Pública Estatal, procesados por Política Colectiva",-
Baja California Sur,2021,EA,4T2021,"Cuenta Pública Estatal, procesados por Política Colectiva",-
Campeche,2021,EA,4T2021,"Cuenta Pública Estatal, procesados por Política Colectiva",-
Chiapas,2021,EA,4T2021,"Cuenta Pública Estatal, procesados por Política Colectiva",-
Chihuahua,2021,EA,4T2021,"Cuenta Pública Estatal, procesados por Política Colectiva",-
Ciudad de México,2021,EA,4T2021,"Cuenta Pública Estatal, procesados por Política Colectiva",-
Coahuila ,2021,EA,4T2021,"Cuenta Pública Estatal, procesados por Política Colectiva",-
Colima,2021,EA,4T2021,"Cuenta Pública Estatal, procesados por Política Colectiva",-
Durango,2021,EA,4T2021,"Cuenta Pública Estatal, procesados por Política Colectiva",-
Estado de México,2021,EA,4T2021,"Cuenta Pública Estatal, procesados por Política Colectiva",-
Guanajuato,2021,EA,4T2021,"Cuenta Pública Estatal, procesados por Política Colectiva",-
Guerrero,2021,EA,4T2021,"Cuenta Pública Estatal, procesados por Política Colectiva",-
Hidalgo,2021,EA,4T2021,"Cuenta Pública Estatal, procesados por Política Colectiva",-
Jalisco,2021,EA,4T2021,"Cuenta Pública Estatal, procesados por Política Colectiva",-
Michoacán,2021,EA,4T2021,"Cuenta Pública Estatal, procesados por Política Colectiva",-
Morelos,2021,EA,4T2021,"Cuenta Pública Estatal, procesados por Política Colectiva",-
Nayarit,2021,EA,4T2021,"Cuenta Pública Estatal, procesados por Política Colectiva",-
Nuevo León,2021,EA,4T2021,"Cuenta Pública Estatal, procesados por Política Colectiva",-
Oaxaca,2021,EA,4T2021,"Cuenta Pública Estatal, procesados por Política Colectiva",-
Puebla,2021,EA,4T2021,"Cuenta Pública Estatal, procesados por Política Colectiva",-
Querétaro,2021,EA,4T2021,"Cuenta Pública Estatal, procesados por Política Colectiva",-
Quintana Roo,2021,EA,4T2021,"Cuenta Pública Estatal, procesados por Política Colectiva",-
San Luis Potosí,2021,EA,4T2021,"Cuenta Pública Estatal, procesados por Política Colectiva",-
Sinaloa,2021,EA,4T2021,"Cuenta Pública Estatal, procesados por Política Colectiva",-
Sonora,2021,EA,4T2021,"Cuenta Pública Estatal, procesados por Política Colectiva",-
Tabasco,2021,EA,4T2021,"Cuenta Pública Estatal, procesados por Política Colectiva",-
Tamaulipas,2021,EA,4T2021,"Cuenta Pública Estatal, procesados por Política Colectiva",-
Tlaxcala,2021,EA,4T2021,"Cuenta Pública Estatal, procesados por Política Colectiva",-
Veracruz,2021,EA,4T2021,"Cuenta Pública Estatal, procesados por Política Colectiva",-
Yucatán,2021,EA,4T2021,"Cuenta Pública Estatal, procesados por Política Colectiva",-
Zacatecas,2021,EA,4T2021,"Cuenta Pública Estatal, procesados por Política Colectiva",-
Aguascalientes,2021,CF,4T2021,"Cuenta Pública Estatal, procesados por Política Colectiva",-
Baja California,2021,CF,4T2021,"Cuenta Pública Estatal, procesados por Política Colectiva",-
Baja California Sur,2021,CF,4T2021,"Cuenta Pública Estatal, procesados por Política Colectiva",-
Campeche,2021,CF,4T2021,"Cuenta Pública Estatal, procesados por Política Colectiva",-
Chiapas,2021,CF,4T2021,"Cuenta Pública Estatal, procesados por Política Colectiva",-
Chihuahua,2021,CF,4T2021,"Cuenta Pública Estatal, procesados por Política Colectiva",-
Ciudad de México,2021,CF,4T2021,"Cuenta Pública Estatal, procesados por Política Colectiva",-
Coahuila ,2021,CF,4T2021,"Cuenta Pública Estatal, procesados por Política Colectiva",-
Colima,2021,CF,4T2021,"Cuenta Pública Estatal, procesados por Política Colectiva",-
Durango,2021,CF,4T2021,"Cuenta Pública Estatal, procesados por Política Colectiva",-
Estado de México,2021,CF,4T2021,"Cuenta Pública Estatal, procesados por Política Colectiva",-
Guanajuato,2021,CF,4T2021,"Cuenta Pública Estatal, procesados por Política Colectiva",-
Guerrero,2021,CF,4T2021,"Cuenta Pública Estatal, procesados por Política Colectiva",-
Hidalgo,2021,CF,4T2021,"Cuenta Pública Estatal, procesados por Política Colectiva",-
Jalisco,2021,CF,4T2021,"Cuenta Pública Estatal, procesados por Política Colectiva",-
Michoacán,2021,CF,4T2021,"Cuenta Pública Estatal, procesados por Política Colectiva",-
Morelos,2021,CF,4T2021,"Cuenta Pública Estatal, procesados por Política Colectiva",-
Nayarit,2021,CF,4T2021,"Cuenta Pública Estatal, procesados por Política Colectiva",-
Nuevo León,2021,CF,4T2021,"Cuenta Pública Estatal, procesados por Política Colectiva",-
Oaxaca,2021,CF,4T2021,"Cuenta Pública Estatal, procesados por Política Colectiva",-
Puebla,2021,CF,4T2021,"Cuenta Pública Estatal, procesados por Política Colectiva",-
Querétaro,2021,CF,4T2021,"Cuenta Pública Estatal, procesados por Política Colectiva",-
Quintana Roo,2021,CF,4T2021,"Cuenta Pública Estatal, procesados por Política Colectiva",-
San Luis Potosí,2021,CF,4T2021,"Cuenta Pública Estatal, procesados por Política Colectiva",-
Sinaloa,2021,CF,4T2021,"Cuenta Pública Estatal, procesados por Política Colectiva",-
Sonora,2021,CF,4T2021,"Cuenta Pública Estatal, procesados por Política Colectiva",-
Tabasco,2021,CF,4T2021,"Cuenta Pública Estatal, procesados por Política Colectiva",-
Tamaulipas,2021,CF,4T2021,"Cuenta Pública Estatal, procesados por Política Colectiva",-
Tlaxcala,2021,CF,4T2021,"Cuenta Pública Estatal, procesados por Política Colectiva",-
Veracruz,2021,CF,4T2021,"Cuenta Pública Estatal, procesados por Política Colectiva",-
Yucatán,2021,CF,4T2021,"Cuenta Pública Estatal, procesados por Política Colectiva",-
Zacatecas,2021,CF,4T2021,"Cuenta Pública Estatal, procesados por Política Colectiva",-
Aguascalientes,2021,CA,4T2021,"Cuenta Pública Estatal, procesados por Política Colectiva",-
Baja California,2021,CA,4T2021,"Cuenta Pública Estatal, procesados por Política Colectiva",-
Baja California Sur,2021,CA,4T2021,"Cuenta Pública Estatal, procesados por Política Colectiva",-
Campeche,2021,CA,4T2021,"Cuenta Pública Estatal, procesados por Política Colectiva",-
Chiapas,2021,CA,4T2021,"Cuenta Pública Estatal, procesados por Política Colectiva",-
Chihuahua,2021,CA,4T2021,"Cuenta Pública Estatal, procesados por Política Colectiva",-
Ciudad de México,2021,CA,4T2021,"Cuenta Pública Estatal, procesados por Política Colectiva",-
Coahuila ,2021,CA,4T2021,"Cuenta Pública Estatal, procesados por Política Colectiva",-
Colima,2021,CA,4T2021,"Cuenta Pública Estatal, procesados por Política Colectiva",-
Durango,2021,CA,4T2021,"Cuenta Pública Estatal, procesados por Política Colectiva",-
Estado de México,2021,CA,4T2021,"Cuenta Pública Estatal, procesados por Política Colectiva",-
Guanajuato,2021,CA,4T2021,"Cuenta Pública Estatal, procesados por Política Colectiva",-
Guerrero,2021,CA,4T2021,"Cuenta Pública Estatal, procesados por Política Colectiva",-
Hidalgo,2021,CA,4T2021,"Cuenta Pública Estatal, procesados por Política Colectiva",-
Jalisco,2021,CA,4T2021,"Cuenta Pública Estatal, procesados por Política Colectiva",-
Michoacán,2021,CA,4T2021,"Cuenta Pública Estatal, procesados por Política Colectiva",-
Morelos,2021,CA,4T2021,"Cuenta Pública Estatal, procesados por Política Colectiva",-
Nayarit,2021,CA,4T2021,"Cuenta Pública Estatal, procesados por Política Colectiva",-
Nuevo León,2021,CA,4T2021,"Cuenta Pública Estatal, procesados por Política Colectiva",-
Oaxaca,2021,CA,4T2021,"Cuenta Pública Estatal, procesados por Política Colectiva",-
Puebla,2021,CA,4T2021,"Cuenta Pública Estatal, procesados por Política Colectiva",-
Querétaro,2021,CA,4T2021,"Cuenta Pública Estatal, procesados por Política Colectiva",-
Quintana Roo,2021,CA,4T2021,"Cuenta Pública Estatal, procesados por Política Colectiva",-
San Luis Potosí,2021,CA,4T2021,"Cuenta Pública Estatal, procesados por Política Colectiva",-
Sinaloa,2021,CA,4T2021,"Cuenta Pública Estatal, procesados por Política Colectiva",-
Sonora,2021,CA,4T2021,"Cuenta Pública Estatal, procesados por Política Colectiva",-
Tabasco,2021,CA,4T2021,"Cuenta Pública Estatal, procesados por Política Colectiva",-
Tamaulipas,2021,CA,4T2021,"Cuenta Pública Estatal, procesados por Política Colectiva",-
Tlaxcala,2021,CA,4T2021,"Cuenta Pública Estatal, procesados por Política Colectiva",-
Veracruz,2021,CA,4T2021,"Cuenta Pública Estatal, procesados por Política Colectiva",-
Yucatán,2021,CA,4T2021,"Cuenta Pública Estatal, procesados por Política Colectiva",-
Zacatecas,2021,CA,4T2021,"Cuenta Pública Estatal, procesados por Política Colectiva",-
Aguascalientes,2022,COG,4T2022 ,"Cuenta Pública Estatal, procesados por Política Colectiva",-
Baja California,2022,COG,4T2022 ,"Cuenta Pública Estatal, procesados por Política Colectiva",-
Baja California Sur,2022,COG,4T2022 ,"Cuenta Pública Estatal, procesados por Política Colectiva",-
Campeche,2022,COG,4T2022,"Cuenta Pública Estatal, procesados por Política Colectiva",-
Chiapas,2022,COG,4T2022,"Cuenta Pública Estatal, procesados por Política Colectiva",-
Chihuahua,2022,COG,4T2022,"Cuenta Pública Estatal, procesados por Política Colectiva",-
Ciudad de México,2022,COG,4T2022,"Cuenta Pública Estatal, procesados por Política Colectiva",-
Coahuila ,2022,COG,4T2022,"Cuenta Pública Estatal, procesados por Política Colectiva",-
Colima,2022,COG,4T2022,"Cuenta Pública Estatal, procesados por Política Colectiva",-
Durango,2022,COG,4T2022,"Cuenta Pública Estatal, procesados por Política Colectiva",-
Estado de México,2022,COG,4T2022,"Cuenta Pública Estatal, procesados por Política Colectiva",-
Guanajuato,2022,COG,4T2022,"Cuenta Pública Estatal, procesados por Política Colectiva",-
Guerrero,2022,COG,4T2022,"Cuenta Pública Estatal, procesados por Política Colectiva",-
Hidalgo,2022,COG,4T2022,"Cuenta Pública Estatal, procesados por Política Colectiva",-
Jalisco,2022,COG,4T2022,"Cuenta Pública Estatal, procesados por Política Colectiva",-
Michoacán,2022,COG,4T2022,"Cuenta Pública Estatal, procesados por Política Colectiva",-
Morelos,2022,COG,4T2022,"Cuenta Pública Estatal, procesados por Política Colectiva",-
Nayarit,2022,COG,4T2022,"Cuenta Pública Estatal, procesados por Política Colectiva",-
Nuevo León,2022,COG,4T2022,"Cuenta Pública Estatal, procesados por Política Colectiva",-
Oaxaca,2022,COG,4T2022,"Cuenta Pública Estatal, procesados por Política Colectiva",-
Puebla,2022,COG,4T2022,"Cuenta Pública Estatal, procesados por Política Colectiva",-
Querétaro,2022,COG,4T2022,"Cuenta Pública Estatal, procesados por Política Colectiva",-
Quintana Roo,2022,COG,4T2022,"Cuenta Pública Estatal, procesados por Política Colectiva",-
San Luis Potosí,2022,COG,4T2022,"Cuenta Pública Estatal, procesados por Política Colectiva",-
Sinaloa,2022,COG,4T2022,"Cuenta Pública Estatal, procesados por Política Colectiva",-
Sonora,2022,COG,4T2022,"Cuenta Pública Estatal, procesados por Política Colectiva",-
Tabasco,2022,COG,4T2022,"Cuenta Pública Estatal, procesados por Política Colectiva",-
Tamaulipas,2022,COG,4T2022,"Cuenta Pública Estatal, procesados por Política Colectiva",-
Tlaxcala,2022,COG,4T2022,"Cuenta Pública Estatal, procesados por Política Colectiva",-
Veracruz,2022,COG,4T2022,"Cuenta Pública Estatal, procesados por Política Colectiva",-
Yucatán,2022,COG,4T2022,"Cuenta Pública Estatal, procesados por Política Colectiva",-
Zacatecas,2022,COG,4T2022,"Cuenta Pública Estatal, procesados por Política Colectiva",-
Aguascalientes,2022,EA,4T2022,"Cuenta Pública Estatal, procesados por Política Colectiva",-
Baja California,2022,EA,4T2022,"Cuenta Pública Estatal, procesados por Política Colectiva",-
Baja California Sur,2022,EA,4T2022,"Cuenta Pública Estatal, procesados por Política Colectiva",-
Campeche,2022,EA,4T2022,"Cuenta Pública Estatal, procesados por Política Colectiva",-
Chiapas,2022,EA,4T2022,"Cuenta Pública Estatal, procesados por Política Colectiva",-
Chihuahua,2022,EA,4T2022,"Cuenta Pública Estatal, procesados por Política Colectiva",-
Ciudad de México,2022,EA,4T2022,"Cuenta Pública Estatal, procesados por Política Colectiva",-
Coahuila ,2022,EA,4T2022,"Cuenta Pública Estatal, procesados por Política Colectiva",-
Colima,2022,EA,4T2022,"Cuenta Pública Estatal, procesados por Política Colectiva",-
Durango,2022,EA,4T2022,"Cuenta Pública Estatal, procesados por Política Colectiva",-
Estado de México,2022,EA,4T2022 ,"Cuenta Pública Estatal, procesados por Política Colectiva",-
Guanajuato,2022,EA,4T2022,"Cuenta Pública Estatal, procesados por Política Colectiva",-
Guerrero,2022,EA,4T2022,"Cuenta Pública Estatal, procesados por Política Colectiva",-
Hidalgo,2022,EA,4T2022,"Cuenta Pública Estatal, procesados por Política Colectiva",-
Jalisco,2022,EA,4T2022,"Cuenta Pública Estatal, procesados por Política Colectiva",-
Michoacán,2022,EA,4T2022,"Cuenta Pública Estatal, procesados por Política Colectiva",-
Morelos,2022,EA,4T2022,"Cuenta Pública Estatal, procesados por Política Colectiva",-
Nayarit,2022,EA,4T2022,"Cuenta Pública Estatal, procesados por Política Colectiva",-
Nuevo León,2022,EA,4T2022,"Cuenta Pública Estatal, procesados por Política Colectiva",-
Oaxaca,2022,EA,4T2022,"Cuenta Pública Estatal, procesados por Política Colectiva",-
Puebla,2022,EA,4T2022,"Cuenta Pública Estatal, procesados por Política Colectiva",-
Querétaro,2022,EA,4T2022,"Cuenta Pública Estatal, procesados por Política Colectiva",-
Quintana Roo,2022,EA,4T2022,"Cuenta Pública Estatal, procesados por Política Colectiva",-
San Luis Potosí,2022,EA,4T2022,"Cuenta Pública Estatal, procesados por Política Colectiva",-
Sinaloa,2022,EA,4T2022,"Cuenta Pública Estatal, procesados por Política Colectiva",-
Sonora,2022,EA,4T2022,"Cuenta Pública Estatal, procesados por Política Colectiva",-
Tabasco,2022,EA,4T2022,"Cuenta Pública Estatal, procesados por Política Colectiva",-
Tamaulipas,2022,EA,4T2022,"Cuenta Pública Estatal, procesados por Política Colectiva",-
Tlaxcala,2022,EA,4T2022,"Cuenta Pública Estatal, procesados por Política Colectiva",-
Veracruz,2022,EA,4T2022,"Cuenta Pública Estatal, procesados por Política Colectiva",-
Yucatán,2022,EA,4T2022,"Cuenta Pública Estatal, procesados por Política Colectiva",-
Zacatecas,2022,EA,4T2022,"Cuenta Pública Estatal, procesados por Política Colectiva",-
Aguascalientes,2022,CF,4T2022,"Cuenta Pública Estatal, procesados por Política Colectiva",-
Baja California,2022,CF,4T2022,"Cuenta Pública Estatal, procesados por Política Colectiva",-
Baja California Sur,2022,CF,4T2022,"Cuenta Pública Estatal, procesados por Política Colectiva",-
Campeche,2022,CF,4T2022,"Cuenta Pública Estatal, procesados por Política Colectiva",-
Chiapas,2022,CF,4T2022,"Cuenta Pública Estatal, procesados por Política Colectiva",-
Chihuahua,2022,CF,4T2022,"Cuenta Pública Estatal, procesados por Política Colectiva",-
Ciudad de México,2022,CF,4T2022,"Cuenta Pública Estatal, procesados por Política Colectiva",-
Coahuila ,2022,CF,4T2022,"Cuenta Pública Estatal, procesados por Política Colectiva",-
Colima,2022,CF,4T2022,"Cuenta Pública Estatal, procesados por Política Colectiva",-
Durango,2022,CF,4T2022,"Cuenta Pública Estatal, procesados por Política Colectiva",-
Estado de México,2022,CF,4T2022,"Cuenta Pública Estatal, procesados por Política Colectiva",-
Guanajuato,2022,CF,4T2022,"Cuenta Pública Estatal, procesados por Política Colectiva",-
Guerrero,2022,CF,4T2022,"Cuenta Pública Estatal, procesados por Política Colectiva",-
Hidalgo,2022,CF,4T2022,"Cuenta Pública Estatal, procesados por Política Colectiva",-
Jalisco,2022,CF,4T2022,"Cuenta Pública Estatal, procesados por Política Colectiva",-
Michoacán,2022,CF,4T2022,"Cuenta Pública Estatal, procesados por Política Colectiva",-
Morelos,2022,CF,4T2022,"Cuenta Pública Estatal, procesados por Política Colectiva",-
Nayarit,2022,CF,4T2022,"Cuenta Pública Estatal, procesados por Política Colectiva",-
Nuevo León,2022,CF,4T2022,"Cuenta Pública Estatal, procesados por Política Colectiva",-
Oaxaca,2022,CF,4T2022,"Cuenta Pública Estatal, procesados por Política Colectiva",-
Puebla,2022,CF,4T2022,"Cuenta Pública Estatal, procesados por Política Colectiva",-
Querétaro,2022,CF,4T2022,"Cuenta Pública Estatal, procesados por Política Colectiva",-
Quintana Roo,2022,CF,4T2022,"Cuenta Pública Estatal, procesados por Política Colectiva",-
San Luis Potosí,2022,CF,4T2022,"Cuenta Pública Estatal, procesados por Política Colectiva",-
Sinaloa,2022,CF,4T2022,"Cuenta Pública Estatal, procesados por Política Colectiva",-
Sonora,2022,CF,4T2022,"Cuenta Pública Estatal, procesados por Política Colectiva",-
Tabasco,2022,CF,4T2022,"Cuenta Pública Estatal, procesados por Política Colectiva",-
Tamaulipas,2022,CF,4T2022,"Cuenta Pública Estatal, procesados por Política Colectiva",-
Tlaxcala,2022,CF,4T2022,"Cuenta Pública Estatal, procesados por Política Colectiva",-
Veracruz,2022,CF,4T2022,"Cuenta Pública Estatal, procesados por Política Colectiva",-
Yucatán,2022,CF,4T2022,"Cuenta Pública Estatal, procesados por Política Colectiva",-
Zacatecas,2022,CF,4T2022,"Cuenta Pública Estatal, procesados por Política Colectiva",-
Aguascalientes,2022,CA,4T2022,"Cuenta Pública Estatal, procesados por Política Colectiva",-
Baja California,2022,CA,4T2022,"Cuenta Pública Estatal, procesados por Política Colectiva",-
Baja California Sur,2022,CA,4T2022,"Cuenta Pública Estatal, procesados por Política Colectiva",-
Campeche,2022,CA,4T2022,"Cuenta Pública Estatal, procesados por Política Colectiva",-
Chiapas,2022,CA,4T2022,"Cuenta Pública Estatal, procesados por Política Colectiva",-
Chihuahua,2022,CA,4T2022,"Cuenta Pública Estatal, procesados por Política Colectiva",-
Ciudad de México,2022,CA,4T2022,"Cuenta Pública Estatal, procesados por Política Colectiva",-
Coahuila ,2022,CA,4T2022,"Cuenta Pública Estatal, procesados por Política Colectiva",-
Colima,2022,CA,4T2022,"Cuenta Pública Estatal, procesados por Política Colectiva",-
Durango,2022,CA,4T2022,"Cuenta Pública Estatal, procesados por Política Colectiva",-
Estado de México,2022,CA,4T2022,"Cuenta Pública Estatal, procesados por Política Colectiva",-
Guanajuato,2022,CA,4T2022,"Cuenta Pública Estatal, procesados por Política Colectiva",-
Guerrero,2022,CA,4T2022,"Cuenta Pública Estatal, procesados por Política Colectiva",-
Hidalgo,2022,CA,4T2022,"Cuenta Pública Estatal, procesados por Política Colectiva",-
Jalisco,2022,CA,4T2022,"Cuenta Pública Estatal, procesados por Política Colectiva",-
Michoacán,2022,CA,4T2022,"Cuenta Pública Estatal, procesados por Política Colectiva",-
Morelos,2022,CA,4T2022,"Cuenta Pública Estatal, procesados por Política Colectiva",-
Nayarit,2022,CA,4T2022,"Cuenta Pública Estatal, procesados por Política Colectiva",-
Nuevo León,2022,CA,4T2022,"Cuenta Pública Estatal, procesados por Política Colectiva",-
Oaxaca,2022,CA,4T2022,"Cuenta Pública Estatal, procesados por Política Colectiva",-
Puebla,2022,CA,4T2022,"Cuenta Pública Estatal, procesados por Política Colectiva",-
Querétaro,2022,CA,4T2022,"Cuenta Pública Estatal, procesados por Política Colectiva",-
Quintana Roo,2022,CA,4T2022,"Cuenta Pública Estatal, procesados por Política Colectiva",-
San Luis Potosí,2022,CA,4T2022,"Cuenta Pública Estatal, procesados por Política Colectiva",-
Sinaloa,2022,CA,4T2022,"Cuenta Pública Estatal, procesados por Política Colectiva",-
Sonora,2022,CA,4T2022,"Cuenta Pública Estatal, procesados por Política Colectiva",-
Tabasco,2022,CA,4T2022,"Cuenta Pública Estatal, procesados por Política Colectiva",-
Tamaulipas,2022,CA,4T2022,"Cuenta Pública Estatal, procesados por Política Colectiva",-
Tlaxcala,2022,CA,4T2022,"Cuenta Pública Estatal, procesados por Política Colectiva",-
Veracruz,2022,CA,4T2022,"Cuenta Pública Estatal, procesados por Política Colectiva",-
Yucatán,2022,CA,4T2022,"Cuenta Pública Estatal, procesados por Política Colectiva",-
Zacatecas,2022,CA,4T2022,"Cuenta Pública Estatal, procesados por Política Colectiva",-
Aguascalientes,2023,COG,4T2023,"Cuenta Pública Estatal, procesados por Política Colectiva",-
Baja California,2023,COG,4T2023,"Cuenta Pública Estatal, procesados por Política Colectiva",-
Baja California Sur,2023,COG,4T2023,"Cuenta Pública Estatal, procesados por Política Colectiva",-
Campeche,2023,COG,4T2023,"Cuenta Pública Estatal, procesados por Política Colectiva",-
Chiapas,2023,COG,4T2023,"Cuenta Pública Estatal, procesados por Política Colectiva",-
Chihuahua,2023,COG,4T2023,"Cuenta Pública Estatal, procesados por Política Colectiva",-
Ciudad de México,2023,COG,4T2023,"Cuenta Pública Estatal, procesados por Política Colectiva",-
Coahuila ,2023,COG,4T2023,"Cuenta Pública Estatal, procesados por Política Colectiva",-
Colima,2023,COG,4T2023,"Cuenta Pública Estatal, procesados por Política Colectiva",-
Durango,2023,COG,4T2023,"Cuenta Pública Estatal, procesados por Política Colectiva",-
Estado de México,2023,COG,4T2023,"Cuenta Pública Estatal, procesados por Política Colectiva",-
Guanajuato,2023,COG,4T2023,"Cuenta Pública Estatal, procesados por Política Colectiva",-
Guerrero,2023,COG,4T2023,"Cuenta Pública Estatal, procesados por Política Colectiva",-
Hidalgo,2023,COG,4T2023,"Cuenta Pública Estatal, procesados por Política Colectiva",-
Jalisco,2023,COG,4T2023,"Cuenta Pública Estatal, procesados por Política Colectiva",-
Michoacán,2023,COG,4T2023,"Cuenta Pública Estatal, procesados por Política Colectiva",-
Morelos,2023,COG,4T2023,"Cuenta Pública Estatal, procesados por Política Colectiva",-
Nayarit,2023,COG,4T2023,"Cuenta Pública Estatal, procesados por Política Colectiva",-
Nuevo León,2023,COG,4T2023,"Cuenta Pública Estatal, procesados por Política Colectiva",-
Oaxaca,2023,COG,4T2023,"Cuenta Pública Estatal, procesados por Política Colectiva",-
Puebla,2023,COG,4T2023,"Cuenta Pública Estatal, procesados por Política Colectiva",-
Querétaro,2023,COG,4T2023,"Cuenta Pública Estatal, procesados por Política Colectiva",-
Quintana Roo,2023,COG,4T2023,"Cuenta Pública Estatal, procesados por Política Colectiva",-
San Luis Potosí,2023,COG,4T2023,"Cuenta Pública Estatal, procesados por Política Colectiva",-
Sinaloa,2023,COG,4T2023,"Cuenta Pública Estatal, procesados por Política Colectiva",-
Sonora,2023,COG,4T2023,"Cuenta Pública Estatal, procesados por Política Colectiva",-
Tabasco,2023,COG,4T2023,"Cuenta Pública Estatal, procesados por Política Colectiva",-
Tamaulipas,2023,COG,4T2023,"Cuenta Pública Estatal, procesados por Política Colectiva",-
Tlaxcala,2023,COG,4T2023,"Cuenta Pública Estatal, procesados por Política Colectiva",-
Veracruz,2023,COG,4T2023,"Cuenta Pública Estatal, procesados por Política Colectiva",-
Yucatán,2023,COG,4T2023,"Cuenta Pública Estatal, procesados por Política Colectiva",-
Zacatecas,2023,COG,4T2023,"Cuenta Pública Estatal, procesados por Política Colectiva",-
Aguascalientes,2023,EA,4T2023,"Cuenta Pública Estatal, procesados por Política Colectiva",-
Baja California,2023,EA,4T2023,"Cuenta Pública Estatal, procesados por Política Colectiva",-
Baja California Sur,2023,EA,4T2023,"Cuenta Pública Estatal, procesados por Política Colectiva",-
Campeche,2023,EA,4T2023,"Cuenta Pública Estatal, procesados por Política Colectiva",-
Chiapas,2023,EA,4T2023,"Cuenta Pública Estatal, procesados por Política Colectiva",-
Chihuahua,2023,EA,4T2023,"Cuenta Pública Estatal, procesados por Política Colectiva",-
Ciudad de México,2023,EA,4T2023,"Cuenta Pública Estatal, procesados por Política Colectiva",-
Coahuila ,2023,EA,4T2023,"Cuenta Pública Estatal, procesados por Política Colectiva",-
Colima,2023,EA,4T2023,"Cuenta Pública Estatal, procesados por Política Colectiva",-
Durango,2023,EA,4T2023,"Cuenta Pública Estatal, procesados por Política Colectiva",-
Estado de México,2023,EA,4T2023,"Cuenta Pública Estatal, procesados por Política Colectiva",-
Guanajuato,2023,EA,4T2023,"Cuenta Pública Estatal, procesados por Política Colectiva",-
Guerrero,2023,EA,4T2023,"Cuenta Pública Estatal, procesados por Política Colectiva",-
Hidalgo,2023,EA,4T2023,"Cuenta Pública Estatal, procesados por Política Colectiva",-
Jalisco,2023,EA,4T2023,"Cuenta Pública Estatal, procesados por Política Colectiva",-
Michoacán,2023,EA,4T2023,"Cuenta Pública Estatal, procesados por Política Colectiva",-
Morelos,2023,EA,4T2023,"Cuenta Pública Estatal, procesados por Política Colectiva",-
Nayarit,2023,EA,4T2023,"Cuenta Pública Estatal, procesados por Política Colectiva",-
Nuevo León,2023,EA,4T2023,"Cuenta Pública Estatal, procesados por Política Colectiva",-
Oaxaca,2023,EA,4T2023,"Cuenta Pública Estatal, procesados por Política Colectiva",-
Puebla,2023,EA,4T2023,"Cuenta Pública Estatal, procesados por Política Colectiva",-
Querétaro,2023,EA,4T2023,"Cuenta Pública Estatal, procesados por Política Colectiva",-
Quintana Roo,2023,EA,4T2023,"Cuenta Pública Estatal, procesados por Política Colectiva",-
San Luis Potosí,2023,EA,4T2023,"Cuenta Pública Estatal, procesados por Política Colectiva",-
Sinaloa,2023,EA,4T2023,"Cuenta Pública Estatal, procesados por Política Colectiva",-
Sonora,2023,EA,4T2023,"Cuenta Pública Estatal, procesados por Política Colectiva",-
Tabasco,2023,EA,4T2023,"Cuenta Pública Estatal, procesados por Política Colectiva",-
Tamaulipas,2023,EA,4T2023,"Cuenta Pública Estatal, procesados por Política Colectiva",-
Tlaxcala,2023,EA,4T2023,"Cuenta Pública Estatal, procesados por Política Colectiva",-
Veracruz,2023,EA,4T2023,"Cuenta Pública Estatal, procesados por Política Colectiva",-
Yucatán,2023,EA,4T2023,"Cuenta Pública Estatal, procesados por Política Colectiva",-
Zacatecas,2023,EA,4T2023,"Cuenta Pública Estatal, procesados por Política Colectiva",-
Aguascalientes,2023,CF,4T2023,"Cuenta Pública Estatal, procesados por Política Colectiva",-
Baja California,2023,CF,4T2023,"Cuenta Pública Estatal, procesados por Política Colectiva",-
Baja California Sur,2023,CF,4T2023,"Cuenta Pública Estatal, procesados por Política Colectiva",-
Campeche,2023,CF,4T2023,"Cuenta Pública Estatal, procesados por Política Colectiva",-
Chiapas,2023,CF,4T2023,"Cuenta Pública Estatal, procesados por Política Colectiva",-
Chihuahua,2023,CF,4T2023,"Cuenta Pública Estatal, procesados por Política Colectiva",-
Ciudad de México,2023,CF,4T2023,"Cuenta Pública Estatal, procesados por Política Colectiva",-
Coahuila ,2023,CF,4T2023,"Cuenta Pública Estatal, procesados por Política Colectiva",-
Colima,2023,CF,4T2023,"Cuenta Pública Estatal, procesados por Política Colectiva",-
Durango,2023,CF,4T2023,"Cuenta Pública Estatal, procesados por Política Colectiva",-
Estado de México,2023,CF,4T2023,"Cuenta Pública Estatal, procesados por Política Colectiva",-
Guanajuato,2023,CF,4T2023,"Cuenta Pública Estatal, procesados por Política Colectiva",-
Guerrero,2023,CF,4T2023,"Cuenta Pública Estatal, procesados por Política Colectiva",-
Hidalgo,2023,CF,4T2023,"Cuenta Pública Estatal, procesados por Política Colectiva",-
Jalisco,2023,CF,4T2023,"Cuenta Pública Estatal, procesados por Política Colectiva",-
Michoacán,2023,CF,4T2023,"Cuenta Pública Estatal, procesados por Política Colectiva",-
Morelos,2023,CF,4T2023,"Cuenta Pública Estatal, procesados por Política Colectiva",-
Nayarit,2023,CF,4T2023,"Cuenta Pública Estatal, procesados por Política Colectiva",-
Nuevo León,2023,CF,4T2023,"Cuenta Pública Estatal, procesados por Política Colectiva",-
Oaxaca,2023,CF,4T2023,"Cuenta Pública Estatal, procesados por Política Colectiva",-
Puebla,2023,CF,4T2023,"Cuenta Pública Estatal, procesados por Política Colectiva",-
Querétaro,2023,CF,4T2023,"Cuenta Pública Estatal, procesados por Política Colectiva",-
Quintana Roo,2023,CF,4T2023,"Cuenta Pública Estatal, procesados por Política Colectiva",-
San Luis Potosí,2023,CF,4T2023,"Cuenta Pública Estatal, procesados por Política Colectiva",-
Sinaloa,2023,CF,4T2023,"Cuenta Pública Estatal, procesados por Política Colectiva",-
Sonora,2023,CF,4T2023,"Cuenta Pública Estatal, procesados por Política Colectiva",-
Tabasco,2023,CF,4T2023,"Cuenta Pública Estatal, procesados por Política Colectiva",-
Tamaulipas,2023,CF,4T2023,"Cuenta Pública Estatal, procesados por Política Colectiva",-
Tlaxcala,2023,CF,4T2023,"Cuenta Pública Estatal, procesados por Política Colectiva",-
Veracruz,2023,CF,4T2023,"Cuenta Pública Estatal, procesados por Política Colectiva",-
Yucatán,2023,CF,4T2023,"Cuenta Pública Estatal, procesados por Política Colectiva",-
Zacatecas,2023,CF,4T2023,"Cuenta Pública Estatal, procesados por Política Colectiva",-
Aguascalientes,2023,CA,4T2023,"Cuenta Pública Estatal, procesados por Política Colectiva",-
Baja California,2023,CA,4T2023,"Cuenta Pública Estatal, procesados por Política Colectiva",-
Baja California Sur,2023,CA,4T2023,"Cuenta Pública Estatal, procesados por Política Colectiva",-
Campeche,2023,CA,4T2023,"Cuenta Pública Estatal, procesados por Política Colectiva",-
Chiapas,2023,CA,4T2023,"Cuenta Pública Estatal, procesados por Política Colectiva",-
Chihuahua,2023,CA,4T2023,"Cuenta Pública Estatal, procesados por Política Colectiva",-
Ciudad de México,2023,CA,4T2023,"Cuenta Pública Estatal, procesados por Política Colectiva",-
Coahuila ,2023,CA,4T2023,"Cuenta Pública Estatal, procesados por Política Colectiva",-
Colima,2023,CA,4T2023,"Cuenta Pública Estatal, procesados por Política Colectiva",-
Durango,2023,CA,4T2023,"Cuenta Pública Estatal, procesados por Política Colectiva",-
Estado de México,2023,CA,4T2023,"Cuenta Pública Estatal, procesados por Política Colectiva",-
Guanajuato,2023,CA,4T2023,"Cuenta Pública Estatal, procesados por Política Colectiva",-
Guerrero,2023,CA,4T2023,"Cuenta Pública Estatal, procesados por Política Colectiva",-
Hidalgo,2023,CA,4T2023,"Cuenta Pública Estatal, procesados por Política Colectiva",-
Jalisco,2023,CA,4T2023,"Cuenta Pública Estatal, procesados por Política Colectiva",-
Michoacán,2023,CA,4T2023,"Cuenta Pública Estatal, procesados por Política Colectiva",-
Morelos,2023,CA,4T2023,"Cuenta Pública Estatal, procesados por Política Colectiva",-
Nayarit,2023,CA,4T2023,"Cuenta Pública Estatal, procesados por Política Colectiva",-
Nuevo León,2023,CA,4T2023,"Cuenta Pública Estatal, procesados por Política Colectiva",-
Oaxaca,2023,CA,4T2023,"Cuenta Pública Estatal, procesados por Política Colectiva",-
Puebla,2023,CA,4T2023,"Cuenta Pública Estatal, procesados por Política Colectiva",-
Querétaro,2023,CA,4T2023,"Cuenta Pública Estatal, procesados por Política Colectiva",-
Quintana Roo,2023,CA,4T2023,"Cuenta Pública Estatal, procesados por Política Colectiva",-
San Luis Potosí,2023,CA,4T2023,"Cuenta Pública Estatal, procesados por Política Colectiva",-
Sinaloa,2023,CA,4T2023,"Cuenta Pública Estatal, procesados por Política Colectiva",-
Sonora,2023,CA,4T2023,"Cuenta Pública Estatal, procesados por Política Colectiva",-
Tabasco,2023,CA,4T2023,"Cuenta Pública Estatal, procesados por Política Colectiva",-
Tamaulipas,2023,CA,4T2023,"Cuenta Pública Estatal, procesados por Política Colectiva",-
Tlaxcala,2023,CA,4T2023,"Cuenta Pública Estatal, procesados por Política Colectiva",-
Veracruz,2023,CA,4T2023,"Cuenta Pública Estatal, procesados por Política Colectiva",-
Yucatán,2023,CA,4T2023,"Cuenta Pública Estatal, procesados por Política Colectiva",-
Zacatecas,2023,CA,4T2023,"Cuenta Pública Estatal, procesados por Política Colectiva",-
Aguascalientes,2024,COG,4T2024,"Cuenta Pública Estatal, procesados por Política Colectiva",-
Baja California,2024,COG,4T2024,"Cuenta Pública Estatal, procesados por Política Colectiva",-
Baja California Sur,2024,COG,4T2024,"Cuenta Pública Estatal, procesados por Política Colectiva",-
Campeche,2024,COG,4T2024,"Cuenta Pública Estatal, procesados por Política Colectiva",-
Chiapas,2024,COG,4T2024,"Cuenta Pública Estatal, procesados por Política Colectiva",-
Chihuahua,2024,COG,4T2024,"Cuenta Pública Estatal, procesados por Política Colectiva",-
Ciudad de México,2024,COG,4T2024,"Cuenta Pública Estatal, procesados por Política Colectiva",-
Coahuila ,2024,COG,4T2024,"Cuenta Pública Estatal, procesados por Política Colectiva",-
Colima,2024,COG,4T2024,"Cuenta Pública Estatal, procesados por Política Colectiva",-
Durango,2024,COG,4T2024,"Cuenta Pública Estatal, procesados por Política Colectiva",-
Estado de México,2024,COG,4T2024,"Cuenta Pública Estatal, procesados por Política Colectiva",-
Guanajuato,2024,COG,4T2024,"Cuenta Pública Estatal, procesados por Política Colectiva",-
Guerrero,2024,COG,4T2024,"Cuenta Pública Estatal, procesados por Política Colectiva",-
Hidalgo,2024,COG,4T2024,"Cuenta Pública Estatal, procesados por Política Colectiva",-
Jalisco,2024,COG,4T2024,"Cuenta Pública Estatal, procesados por Política Colectiva",-
Michoacán,2024,COG,4T2024,"Cuenta Pública Estatal, procesados por Política Colectiva",-
Morelos,2024,COG,4T2024,"Cuenta Pública Estatal, procesados por Política Colectiva",-
Nayarit,2024,COG,4T2024,"Cuenta Pública Estatal, procesados por Política Colectiva",-
Nuevo León,2024,COG,4T2024,"Cuenta Pública Estatal, procesados por Política Colectiva",-
Oaxaca,2024,COG,4T2024,"Cuenta Pública Estatal, procesados por Política Colectiva",-
Puebla,2024,COG,4T2024,"Cuenta Pública Estatal, procesados por Política Colectiva",-
Querétaro,2024,COG,4T2024,"Cuenta Pública Estatal, procesados por Política Colectiva",-
Quintana Roo,2024,COG,4T2024,"Cuenta Pública Estatal, procesados por Política Colectiva",-
San Luis Potosí,2024,COG,4T2024,"Cuenta Pública Estatal, procesados por Política Colectiva",-
Sinaloa,2024,COG,4T2024,"Cuenta Pública Estatal, procesados por Política Colectiva",-
Sonora,2024,COG,4T2024,"Cuenta Pública Estatal, procesados por Política Colectiva",-
Tabasco,2024,COG,4T2024,"Cuenta Pública Estatal, procesados por Política Colectiva",-
Tamaulipas,2024,COG,4T2024,"Cuenta Pública Estatal, procesados por Política Colectiva",-
Tlaxcala,2024,COG,4T2024,"Cuenta Pública Estatal, procesados por Política Colectiva",-
Veracruz,2024,COG,4T2024,"Cuenta Pública Estatal, procesados por Política Colectiva",-
Yucatán,2024,COG,4T2024,"Cuenta Pública Estatal, procesados por Política Colectiva",-
Zacatecas,2024,COG,4T2024,"Cuenta Pública Estatal, procesados por Política Colectiva",-
Aguascalientes,2024,EA,4T2024,"Cuenta Pública Estatal, procesados por Política Colectiva",-
Baja California,2024,EA,4T2024,"Cuenta Pública Estatal, procesados por Política Colectiva",-
Baja California Sur,2024,EA,4T2024,"Cuenta Pública Estatal, procesados por Política Colectiva",-
Campeche,2024,EA,4T2024,"Cuenta Pública Estatal, procesados por Política Colectiva",-
Chiapas,2024,EA,4T2024,"Cuenta Pública Estatal, procesados por Política Colectiva",-
Chihuahua,2024,EA,4T2024,"Cuenta Pública Estatal, procesados por Política Colectiva",-
Ciudad de México,2024,EA,4T2024,"Cuenta Pública Estatal, procesados por Política Colectiva",-
Coahuila ,2024,EA,4T2024,"Cuenta Pública Estatal, procesados por Política Colectiva",-
Colima,2024,EA,4T2024,"Cuenta Pública Estatal, procesados por Política Colectiva",-
Durango,2024,EA,4T2024,"Cuenta Pública Estatal, procesados por Política Colectiva",-
Estado de México,2024,EA,4T2024,"Cuenta Pública Estatal, procesados por Política Colectiva",-
Guanajuato,2024,EA,4T2024,"Cuenta Pública Estatal, procesados por Política Colectiva",-
Guerrero,2024,EA,4T2024,"Cuenta Pública Estatal, procesados por Política Colectiva",-
Hidalgo,2024,EA,4T2024,"Cuenta Pública Estatal, procesados por Política Colectiva",-
Jalisco,2024,EA,4T2024,"Cuenta Pública Estatal, procesados por Política Colectiva",-
Michoacán,2024,EA,4T2024,"Cuenta Pública Estatal, procesados por Política Colectiva",-
Morelos,2024,EA,4T2024,"Cuenta Pública Estatal, procesados por Política Colectiva",-
Nayarit,2024,EA,4T2024,"Cuenta Pública Estatal, procesados por Política Colectiva",-
Nuevo León,2024,EA,4T2024,"Cuenta Pública Estatal, procesados por Política Colectiva",-
Oaxaca,2024,EA,4T2024,"Cuenta Pública Estatal, procesados por Política Colectiva",-
Puebla,2024,EA,4T2024,"Cuenta Pública Estatal, procesados por Política Colectiva",-
Querétaro,2024,EA,4T2024,"Cuenta Pública Estatal, procesados por Política Colectiva",-
Quintana Roo,2024,EA,4T2024,"Cuenta Pública Estatal, procesados por Política Colectiva",-
San Luis Potosí,2024,EA,4T2024,"Cuenta Pública Estatal, procesados por Política Colectiva",-
Sinaloa,2024,EA,4T2024,"Cuenta Pública Estatal, procesados por Política Colectiva",-
Sonora,2024,EA,4T2024,"Cuenta Pública Estatal, procesados por Política Colectiva",-
Tabasco,2024,EA,4T2024,"Cuenta Pública Estatal, procesados por Política Colectiva",-
Tamaulipas,2024,EA,4T2024,"Cuenta Pública Estatal, procesados por Política Colectiva",-
Tlaxcala,2024,EA,4T2024,"Cuenta Pública Estatal, procesados por Política Colectiva",-
Veracruz,2024,EA,4T2024,"Cuenta Pública Estatal, procesados por Política Colectiva",-
Yucatán,2024,EA,4T2024,"Cuenta Pública Estatal, procesados por Política Colectiva",-
Zacatecas,2024,EA,4T2024,"Cuenta Pública Estatal, procesados por Política Colectiva",-
Aguascalientes,2024,CF,4T2024,"Cuenta Pública Estatal, procesados por Política Colectiva",-
Baja California,2024,CF,4T2024,"Cuenta Pública Estatal, procesados por Política Colectiva",-
Baja California Sur,2024,CF,4T2024,"Cuenta Pública Estatal, procesados por Política Colectiva",-
Campeche,2024,CF,4T2024,"Cuenta Pública Estatal, procesados por Política Colectiva",-
Chiapas,2024,CF,4T2024,"Cuenta Pública Estatal, procesados por Política Colectiva",-
Chihuahua,2024,CF,4T2024,"Cuenta Pública Estatal, procesados por Política Colectiva",-
Ciudad de México,2024,CF,4T2024,"Cuenta Pública Estatal, procesados por Política Colectiva",-
Coahuila ,2024,CF,4T2024,"Cuenta Pública Estatal, procesados por Política Colectiva",-
Colima,2024,CF,4T2024,"Cuenta Pública Estatal, procesados por Política Colectiva",-
Durango,2024,CF,4T2024,"Cuenta Pública Estatal, procesados por Política Colectiva",-
Estado de México,2024,CF,4T2024,"Cuenta Pública Estatal, procesados por Política Colectiva",-
Guanajuato,2024,CF,4T2024,"Cuenta Pública Estatal, procesados por Política Colectiva",-
Guerrero,2024,CF,4T2024,"Cuenta Pública Estatal, procesados por Política Colectiva",-
Hidalgo,2024,CF,4T2024,"Cuenta Pública Estatal, procesados por Política Colectiva",-
Jalisco,2024,CF,4T2024,"Cuenta Pública Estatal, procesados por Política Colectiva",-
Michoacán,2024,CF,4T2024,"Cuenta Pública Estatal, procesados por Política Colectiva",-
Morelos,2024,CF,4T2024,"Cuenta Pública Estatal, procesados por Política Colectiva",-
Nayarit,2024,CF,4T2024,"Cuenta Pública Estatal, procesados por Política Colectiva",-
Nuevo León,2024,CF,4T2024,"Cuenta Pública Estatal, procesados por Política Colectiva",-
Oaxaca,2024,CF,4T2024,"Cuenta Pública Estatal, procesados por Política Colectiva",-
Puebla,2024,CF,4T2024,"Cuenta Pública Estatal, procesados por Política Colectiva",-
Querétaro,2024,CF,4T2024,"Cuenta Pública Estatal, procesados por Política Colectiva",-
Quintana Roo,2024,CF,4T2024,"Cuenta Pública Estatal, procesados por Política Colectiva",-
San Luis Potosí,2024,CF,4T2024,"Cuenta Pública Estatal, procesados por Política Colectiva",-
Sinaloa,2024,CF,4T2024,"Cuenta Pública Estatal, procesados por Política Colectiva",-
Sonora,2024,CF,4T2024,"Cuenta Pública Estatal, procesados por Política Colectiva",-
Tabasco,2024,CF,4T2024,"Cuenta Pública Estatal, procesados por Política Colectiva",-
Tamaulipas,2024,CF,4T2024,"Cuenta Pública Estatal, procesados por Política Colectiva",-
Tlaxcala,2024,CF,4T2024,"Cuenta Pública Estatal, procesados por Política Colectiva",-
Veracruz,2024,CF,4T2024,"Cuenta Pública Estatal, procesados por Política Colectiva",-
Yucatán,2024,CF,4T2024,"Cuenta Pública Estatal, procesados por Política Colectiva",-
Zacatecas,2024,CF,4T2024,"Cuenta Pública Estatal, procesados por Política Colectiva",-
Aguascalientes,2024,CA,4T2024,"Cuenta Pública Estatal, procesados por Política Colectiva",-
Baja California,2024,CA,4T2024,"Cuenta Pública Estatal, procesados por Política Colectiva",-
Baja California Sur,2024,CA,4T2024,"Cuenta Pública Estatal, procesados por Política Colectiva",-
Campeche,2024,CA,4T2024,"Cuenta Pública Estatal, procesados por Política Colectiva",-
Chiapas,2024,CA,4T2024,"Cuenta Pública Estatal, procesados por Política Colectiva",-
Chihuahua,2024,CA,4T2024,"Cuenta Pública Estatal, procesados por Política Colectiva",-
Ciudad de México,2024,CA,4T2024,"Cuenta Pública Estatal, procesados por Política Colectiva",-
Coahuila ,2024,CA,4T2024,"Cuenta Pública Estatal, procesados por Política Colectiva",-
Colima,2024,CA,4T2024,"Cuenta Pública Estatal, procesados por Política Colectiva",-
Durango,2024,CA,4T2024,"Cuenta Pública Estatal, procesados por Política Colectiva",-
Estado de México,2024,CA,4T2024,"Cuenta Pública Estatal, procesados por Política Colectiva",-
Guanajuato,2024,CA,4T2024,"Cuenta Pública Estatal, procesados por Política Colectiva",-
Guerrero,2024,CA,4T2024,"Cuenta Pública Estatal, procesados por Política Colectiva",-
Hidalgo,2024,CA,4T2024,"Cuenta Pública Estatal, procesados por Política Colectiva",-
Jalisco,2024,CA,4T2024,"Cuenta Pública Estatal, procesados por Política Colectiva",-
Michoacán,2024,CA,4T2024,"Cuenta Pública Estatal, procesados por Política Colectiva",-
Morelos,2024,CA,4T2024,"Cuenta Pública Estatal, procesados por Política Colectiva",-
Nayarit,2024,CA,4T2024,"Cuenta Pública Estatal, procesados por Política Colectiva",-
Nuevo León,2024,CA,4T2024,"Cuenta Pública Estatal, procesados por Política Colectiva",-
Oaxaca,2024,CA,4T2024,"Cuenta Pública Estatal, procesados por Política Colectiva",-
Puebla,2024,CA,4T2024,"Cuenta Pública Estatal, procesados por Política Colectiva",-
Querétaro,2024,CA,4T2024,"Cuenta Pública Estatal, procesados por Política Colectiva",-
Quintana Roo,2024,CA,4T2024,"Cuenta Pública Estatal, procesados por Política Colectiva",-
San Luis Potosí,2024,CA,4T2024,"Cuenta Pública Estatal, procesados por Política Colectiva",-
Sinaloa,2024,CA,4T2024,"Cuenta Pública Estatal, procesados por Política Colectiva",-
Sonora,2024,CA,4T2024,"Cuenta Pública Estatal, procesados por Política Colectiva",-
Tabasco,2024,CA,4T2024,"Cuenta Pública Estatal, procesados por Política Colectiva",-
Tamaulipas,2024,CA,4T2024,"Cuenta Pública Estatal, procesados por Política Colectiva",-
Tlaxcala,2024,CA,4T2024,"Cuenta Pública Estatal, procesados por Política Colectiva",-
Veracruz,2024,CA,4T2024,"Cuenta Pública Estatal, procesados por Política Colectiva",-
Yucatán,2024,CA,4T2024,"Cuenta Pública Estatal, procesados por Política Colectiva",-
Zacatecas,2024,CA,4T2024,"Cuenta Pública Estatal, procesados por Política Colectiva",-
Aguascalientes,2025,COG,2T2025,"Cuenta Pública Estatal, procesados por Política Colectiva",-
Baja California,2025,COG,2T2025,"Cuenta Pública Estatal, procesados por Política Colectiva",-
Baja California Sur,2025,COG,2T2025,"Cuenta Pública Estatal, procesados por Política Colectiva",-
Campeche,2025,COG,2T2025,"Cuenta Pública Estatal, procesados por Política Colectiva",-
Chiapas,2025,COG,2T2025,"Cuenta Pública Estatal, procesados por Política Colectiva",-
Chihuahua,2025,COG,2T2025,"Cuenta Pública Estatal, procesados por Política Colectiva",-
Ciudad de México,2025,COG,2T2025,"Cuenta Pública Estatal, procesados por Política Colectiva",-
Coahuila ,2025,COG,2T2025,"Cuenta Pública Estatal, procesados por Política Colectiva",-
Colima,2025,COG,2T2025,"Cuenta Pública Estatal, procesados por Política Colectiva",-
Durango,2025,COG,2T2025,"Cuenta Pública Estatal, procesados por Política Colectiva",-
Estado de México,2025,COG,2T2025,"Cuenta Pública Estatal, procesados por Política Colectiva",-
Guanajuato,2025,COG,2T2025,"Cuenta Pública Estatal, procesados por Política Colectiva",-
Guerrero,2025,COG,2T2025,"Cuenta Pública Estatal, procesados por Política Colectiva",-
Hidalgo,2025,COG,2T2025,"Cuenta Pública Estatal, procesados por Política Colectiva",-
Jalisco,2025,COG,2T2025,"Cuenta Pública Estatal, procesados por Política Colectiva",-
Michoacán,2025,COG,2T2025,"Cuenta Pública Estatal, procesados por Política Colectiva",-
Morelos,2025,COG,2T2025,"Cuenta Pública Estatal, procesados por Política Colectiva",-
Nayarit,2025,COG,2T2025,"Cuenta Pública Estatal, procesados por Política Colectiva",-
Nuevo León,2025,COG,2T2025,"Cuenta Pública Estatal, procesados por Política Colectiva",-
Oaxaca,2025,COG,2T2025,"Cuenta Pública Estatal, procesados por Política Colectiva",-
Puebla,2025,COG,2T2025,"Cuenta Pública Estatal, procesados por Política Colectiva",-
Querétaro,2025,COG,2T2025,"Cuenta Pública Estatal, procesados por Política Colectiva",-
Quintana Roo,2025,COG,2T2025,"Cuenta Pública Estatal, procesados por Política Colectiva",-
San Luis Potosí,2025,COG,2T2025,"Cuenta Pública Estatal, procesados por Política Colectiva",-
Sinaloa,2025,COG,2T2025,"Cuenta Pública Estatal, procesados por Política Colectiva",-
Sonora,2025,COG,2T2025,"Cuenta Pública Estatal, procesados por Política Colectiva",-
Tabasco,2025,COG,2T2025,"Cuenta Pública Estatal, procesados por Política Colectiva",-
Tamaulipas,2025,COG,2T2025,"Cuenta Pública Estatal, procesados por Política Colectiva",-
Tlaxcala,2025,COG,2T2025,"Cuenta Pública Estatal, procesados por Política Colectiva",-
Veracruz,2025,COG,2T2025,"Cuenta Pública Estatal, procesados por Política Colectiva",-
Yucatán,2025,COG,2T2025,"Cuenta Pública Estatal, procesados por Política Colectiva",-
Zacatecas,2025,COG,2T2025,"Cuenta Pública Estatal, procesados por Política Colectiva",-
Aguascalientes,2025,EA,2T2025,"Cuenta Pública Estatal, procesados por Política Colectiva",-
Baja California,2025,EA,2T2025,"Cuenta Pública Estatal, procesados por Política Colectiva",-
Baja California Sur,2025,EA,2T2025,"Cuenta Pública Estatal, procesados por Política Colectiva",-
Campeche,2025,EA,2T2025,"Cuenta Pública Estatal, procesados por Política Colectiva",-
Chiapas,2025,EA,2T2025,"Cuenta Pública Estatal, procesados por Política Colectiva",-
Chihuahua,2025,EA,2T2025,"Cuenta Pública Estatal, procesados por Política Colectiva",-
Ciudad de México,2025,EA,2T2025,"Cuenta Pública Estatal, procesados por Política Colectiva",-
Coahuila ,2025,EA,2T2025,"Cuenta Pública Estatal, procesados por Política Colectiva",-
Colima,2025,EA,2T2025,"Cuenta Pública Estatal, procesados por Política Colectiva",-
Durango,2025,EA,2T2025,"Cuenta Pública Estatal, procesados por Política Colectiva",-
Estado de México,2025,EA,2T2025,"Cuenta Pública Estatal, procesados por Política Colectiva",-
Guanajuato,2025,EA,2T2025,"Cuenta Pública Estatal, procesados por Política Colectiva",-
Guerrero,2025,EA,2T2025,"Cuenta Pública Estatal, procesados por Política Colectiva",-
Hidalgo,2025,EA,2T2025,"Cuenta Pública Estatal, procesados por Política Colectiva",-
Jalisco,2025,EA,2T2025,"Cuenta Pública Estatal, procesados por Política Colectiva",-
Michoacán,2025,EA,2T2025,"Cuenta Pública Estatal, procesados por Política Colectiva",-
Morelos,2025,EA,2T2025,"Cuenta Pública Estatal, procesados por Política Colectiva",-
Nayarit,2025,EA,2T2025,"Cuenta Pública Estatal, procesados por Política Colectiva",-
Nuevo León,2025,EA,2T2025,"Cuenta Pública Estatal, procesados por Política Colectiva",-
Oaxaca,2025,EA,2T2025,"Cuenta Pública Estatal, procesados por Política Colectiva",-
Puebla,2025,EA,2T2025,"Cuenta Pública Estatal, procesados por Política Colectiva",-
Querétaro,2025,EA,2T2025,"Cuenta Pública Estatal, procesados por Política Colectiva",-
Quintana Roo,2025,EA,2T2025,"Cuenta Pública Estatal, procesados por Política Colectiva",-
San Luis Potosí,2025,EA,2T2025,"Cuenta Pública Estatal, procesados por Política Colectiva",-
Sinaloa,2025,EA,2T2025,"Cuenta Pública Estatal, procesados por Política Colectiva",-
Sonora,2025,EA,2T2025,"Cuenta Pública Estatal, procesados por Política Colectiva",-
Tabasco,2025,EA,2T2025,"Cuenta Pública Estatal, procesados por Política Colectiva",-
Tamaulipas,2025,EA,2T2025,"Cuenta Pública Estatal, procesados por Política Colectiva",-
Tlaxcala,2025,EA,2T2025,"Cuenta Pública Estatal, procesados por Política Colectiva",-
Veracruz,2025,EA,2T2025,"Cuenta Pública Estatal, procesados por Política Colectiva",-
Yucatán,2025,EA,2T2025,"Cuenta Pública Estatal, procesados por Política Colectiva",-
Zacatecas,2025,EA,2T2025,"Cuenta Pública Estatal, procesados por Política Colectiva",-
Aguascalientes,2025,CF,2T2025,"Cuenta Pública Estatal, procesados por Política Colectiva",-
Baja California,2025,CF,2T2025,"Cuenta Pública Estatal, procesados por Política Colectiva",-
Baja California Sur,2025,CF,2T2025,"Cuenta Pública Estatal, procesados por Política Colectiva",-
Campeche,2025,CF,2T2025,"Cuenta Pública Estatal, procesados por Política Colectiva",-
Chiapas,2025,CF,2T2025,"Cuenta Pública Estatal, procesados por Política Colectiva",-
Chihuahua,2025,CF,2T2025,"Cuenta Pública Estatal, procesados por Política Colectiva",-
Ciudad de México,2025,CF,2T2025,"Cuenta Pública Estatal, procesados por Política Colectiva",-
Coahuila ,2025,CF,2T2025,"Cuenta Pública Estatal, procesados por Política Colectiva",-
Colima,2025,CF,2T2025,"Cuenta Pública Estatal, procesados por Política Colectiva",-
Durango,2025,CF,2T2025,"Cuenta Pública Estatal, procesados por Política Colectiva",-
Estado de México,2025,CF,2T2025,"Cuenta Pública Estatal, procesados por Política Colectiva",-
Guanajuato,2025,CF,2T2025,"Cuenta Pública Estatal, procesados por Política Colectiva",-
Guerrero,2025,CF,2T2025,"Cuenta Pública Estatal, procesados por Política Colectiva",-
Hidalgo,2025,CF,2T2025,"Cuenta Pública Estatal, procesados por Política Colectiva",-
Jalisco,2025,CF,2T2025,"Cuenta Pública Estatal, procesados por Política Colectiva",-
Michoacán,2025,CF,2T2025,"Cuenta Pública Estatal, procesados por Política Colectiva",-
Morelos,2025,CF,2T2025,"Cuenta Pública Estatal, procesados por Política Colectiva",-
Nayarit,2025,CF,2T2025,"Cuenta Pública Estatal, procesados por Política Colectiva",-
Nuevo León,2025,CF,2T2025,"Cuenta Pública Estatal, procesados por Política Colectiva",-
Oaxaca,2025,CF,2T2025,"Cuenta Pública Estatal, procesados por Política Colectiva",-
Puebla,2025,CF,2T2025,"Cuenta Pública Estatal, procesados por Política Colectiva",-
Querétaro,2025,CF,2T2025,"Cuenta Pública Estatal, procesados por Política Colectiva",-
Quintana Roo,2025,CF,2T2025,"Cuenta Pública Estatal, procesados por Política Colectiva",-
San Luis Potosí,2025,CF,2T2025,"Cuenta Pública Estatal, procesados por Política Colectiva",-
Sinaloa,2025,CF,2T2025,"Cuenta Pública Estatal, procesados por Política Colectiva",-
Sonora,2025,CF,2T2025,"Cuenta Pública Estatal, procesados por Política Colectiva",-
Tabasco,2025,CF,2T2025,"Cuenta Pública Estatal, procesados por Política Colectiva",-
Tamaulipas,2025,CF,2T2025,"Cuenta Pública Estatal, procesados por Política Colectiva",-
Tlaxcala,2025,CF,2T2025,"Cuenta Pública Estatal, procesados por Política Colectiva",-
Veracruz,2025,CF,2T2025,"Cuenta Pública Estatal, procesados por Política Colectiva",-
Yucatán,2025,CF,2T2025,"Cuenta Pública Estatal, procesados por Política Colectiva",-
Zacatecas,2025,CF,2T2025,"Cuenta Pública Estatal, procesados por Política Colectiva",-
Aguascalientes,2025,CA,2T2025,"Cuenta Pública Estatal, procesados por Política Colectiva",-
Baja California,2025,CA,2T2025,"Cuenta Pública Estatal, procesados por Política Colectiva",-
Baja California Sur,2025,CA,2T2025,"Cuenta Pública Estatal, procesados por Política Colectiva",-
Campeche,2025,CA,2T2025,"Cuenta Pública Estatal, procesados por Política Colectiva",-
Chiapas,2025,CA,2T2025,"Cuenta Pública Estatal, procesados por Política Colectiva",-
Chihuahua,2025,CA,2T2025,"Cuenta Pública Estatal, procesados por Política Colectiva",-
Ciudad de México,2025,CA,2T2025,"Cuenta Pública Estatal, procesados por Política Colectiva",-
Coahuila ,2025,CA,2T2025,"Cuenta Pública Estatal, procesados por Política Colectiva",-
Colima,2025,CA,2T2025,"Cuenta Pública Estatal, procesados por Política Colectiva",-
Durango,2025,CA,2T2025,"Cuenta Pública Estatal, procesados por Política Colectiva",-
Estado de México,2025,CA,2T2025,"Cuenta Pública Estatal, procesados por Política Colectiva",-
Guanajuato,2025,CA,2T2025,"Cuenta Pública Estatal, procesados por Política Colectiva",-
Guerrero,2025,CA,2T2025,"Cuenta Pública Estatal, procesados por Política Colectiva",-
Hidalgo,2025,CA,2T2025,"Cuenta Pública Estatal, procesados por Política Colectiva",-
Jalisco,2025,CA,2T2025,"Cuenta Pública Estatal, procesados por Política Colectiva",-
Michoacán,2025,CA,2T2025,"Cuenta Pública Estatal, procesados por Política Colectiva",-
Morelos,2025,CA,2T2025,"Cuenta Pública Estatal, procesados por Política Colectiva",-
Nayarit,2025,CA,2T2025,"Cuenta Pública Estatal, procesados por Política Colectiva",-
Nuevo León,2025,CA,2T2025,"Cuenta Pública Estatal, procesados por Política Colectiva",-
Oaxaca,2025,CA,2T2025,"Cuenta Pública Estatal, procesados por Política Colectiva",-
Puebla,2025,CA,2T2025,"Cuenta Pública Estatal, procesados por Política Colectiva",-
Querétaro,2025,CA,2T2025,"Cuenta Pública Estatal, procesados por Política Colectiva",-
Quintana Roo,2025,CA,2T2025,"Cuenta Pública Estatal, procesados por Política Colectiva",-
San Luis Potosí,2025,CA,2T2025,"Cuenta Pública Estatal, procesados por Política Colectiva",-
Sinaloa,2025,CA,2T2025,"Cuenta Pública Estatal, procesados por Política Colectiva",-
Sonora,2025,CA,2T2025,"Cuenta Pública Estatal, procesados por Política Colectiva",-
Tabasco,2025,CA,2T2025,"Cuenta Pública Estatal, procesados por Política Colectiva",-
Tamaulipas,2025,CA,2T2025,"Cuenta Pública Estatal, procesados por Política Colectiva",-
Tlaxcala,2025,CA,2T2025,"Cuenta Pública Estatal, procesados por Política Colectiva",-
Veracruz,2025,CA,2T2025,"Cuenta Pública Estatal, procesados por Política Colectiva",-
Yucatán,2025,CA,2T2025,"Cuenta Pública Estatal, procesados por Política Colectiva",-
Zacatecas,2025,CA,2T2025,"Cuenta Pública Estatal, procesados por Política Colectiva",-